,歌詞
0,どこからか漂う　美味しそうな匂い逃れらんないの一旦嗅いだら最後よくらくら蹌踉けちゃう　拐かす匂い秘密という名で評判のフレーバーよ秘すれば花ね本当噂通りで堪んない自分を誑し込んだ本体突き止めたいほらご覧隠したってみえみえ…嘘を乗せたトップノートああ近いようね初々しいバニラ　そう甘やかでしょとろとろ蕩けちゃう　抱え切れぬ恋秘密といういま流行のフレーバーの主に成り果てて噂立ったら堪んない自分を化かし通し首尾よく諦めたい眼は逸らしたってばればれ…悔いを残すラストノートああスパイシーねもどかしいシナモン　ほろ苦いのよ騙し騙され未来はどうなっちゃうの罰は受けるハッピーエンドをお願い頭まで微熱持ってめろめろ…ジゴロ憖そそらないで存在さえもう罪深いチョコレート　芳しいのよ厭だ厭だ見付かんないで誰にも…フェロモン遍く振り撒いて皆を誘き寄せないでいつも見張り続けて独り占めしたい
0,昼過ぎに珍しくテレビをちょっとだけ観たわ果物が煙草の害を少し防ぐと言うのそれですぐこの間のお店へ買いに急いだわ御出掛けになるのなら必ず召し上がってね貴方はきっと外では違う顔なのでしょう?だから此の手は其の疲れを癒す為だけに在るの今朝の様にお帰りが酷く遅い日も屡々明け方の孤独にはピアノで舞踏曲(ポロネーズ)を貴方はそっと指先で髪を撫でるでしょう?だからいま黒く揺蕩うまま伸ばす理由は只ひとつ処でこんな情景をどう思われますか?差し詰め勝手気儘な嘘を云いました態とらしい空の色も全部疎ましくてだから右手に強く握る光など既に見えない…「もう　何も要りません。」
0,是程多くの眼がバラバラに何かを探すとなりゃあ其れなり様々な言葉で各々の全てを見極めなくちゃあならない正しいとか　間違いとか　黒だとか　白だとか何処に行けば良いのですか君を信じて良いのですか愛してくれるのですかあたしは誰なのですか怖くて仕方が無いだけなのに…是迄多くの眼がちやほやとひたすらあたしを肯定した様々な合図でてきぱきと姿を見破られなくちゃあならない優れていて　劣っていて　数だとか　レヴェルとか此処に居れば良いのですか誰が真実なのですかお金が欲しいのですかあたしは誰なのですか何処に行けば良いのですか君を信じて良いのですか愛してくれるのですかあたしは誰なのですか此の先も現在(いま)も無いだけなのに…
0,"I wanna be loved by youJust you, and nobody else, but youI wanna be loved by you aloneI wanna be kissed by youJust you, and nobody else, but youI wanna be kissed by you aloneI couldn't aspireTo anything higherThan To fill the desireTo make you my own"
0,片付いた部屋が温かくて　曇り窓の外コントラスト独りで居るのに慣れないまま　ジャニスを聴いているセンチメンタル此の世で一番輝いている人は努力しているって教えてくれたねねえ　見ている？ほら　星が光っているのを明日は心も空も素敵な青堅苦しい言葉懐かしくて　貴方は小さなモンテスキュー本当の自分に正直で飾らないあたしで良いのだって教えてくれたねねえ　見ている？此の　星が光っているのを貴方の心の様な空を見ているねえ　云える？いま　星が光っている理由(わけ)貴方の心を映しているからだよ明日は心も空も素敵な青
0,何時もの交差点で彼は頬にキスするまた約束も無く今日が海の彼方に沈むヘッドフォンを耳に充(あ)てるアイルランドの少女が歌う夕暮れには切な過ぎる涙を誘い出しているの？振り返る通りを渡るひとに見蕩(みと)れるまた約束も無く彼がビルの彼方に消えるヘッドフォンを耳に充てるファズの利いたベースが走る夕焼けには切な過ぎる涙を誘い出しているの？今の二人には確かなものなど何も無い偶(たま)には怖がらず明日を迎えてみたいのにI PLACE THE HEADPHONES ON MY EARS AND LISTENSOMEONE SINGS A SONG. I FEEL SO BLUE NOW DARLIN' PROMISE MEPLEASE TELL ME SOMETHING WORDS TO SOOTHEI DON'T WANNA CRY
0,"It is neither dark here nor lightI see a faint soft white, white, whiteLacking all gradationCould such a source of light even exist？I'm alone, this I knowNo time flows, smell iron everywhereMay be close or far fromA crawling mass jagged and black, black, blackQualities are unclearSo will it be tangible when it's here？I'm alone, there's no doubtNo body, smell iron everywhere(There's no water or wind nofire or earth no water or fire no)With no light, no shadow fallsStill the two don't touch at allBoth conjoin in harmony, a perfect balance(And no hatred or greed nodeluded mind no remedy there's no)Seeing broadly without eyesIndependently comprisedYet conjoined in harmony, a perfect balanceI take in all of time, endless space, eternal embraceIdeation unbounded is all, there's nothing beyondI myself am the spring and have roughly everythingEternity endlessly is one, its boundaries are noneKnowing neither hunger nor thirstOmnipotent in perfect ease"
0,"Hey waitI think you feel what I sayI think they're calling for rainLook at the signs,Don't leave with an empty handI can't stand to thinkThat you'll be swept up againSo see, smell, touch, feel, listenI can't say enough,Just trust in yourself to knowWhen I see your eyesAnd the darkness drift insideYou always blame the airAnd the pressure building thereAnd always we forgetRemember how it used to beRemember life as freeAnd if your hands can't bear the load,Get wet and come back homeHey look, look and seeI think you hear what you needThe rain beats loud as can beWhere does it fallAnd where does it fall away?Hold on to your voice,The noise never leaves it aloneDon't let your senses go dryYou are your why,Just trust in yourself to knowWhen I see your eyesAnd the tears, the fire insideYou always blame the worldAnd the times we're living throughAnd always we neglectRemember how you played with fireRemember times beforeSo if you choose to fight for lifeStand up and say your nameSo with your pain, so with your nightSo deep you can't recallSo with your dreams, so with your lifeSo high they never fallGo out, go out and when the wildThe Rain has made it throughI'll come and meet you wherever you walkJust don't mistake where you are"
0,僕らが手にしている富は見えないよ彼らは奪えないし壊すこともない世界はただ妬むばっかりもしも彼らが君の何かを盗んだとしてそれはくだらないものだよ返して貰うまでもない筈何故なら価値は生命に従って付いている彼らが手にしている富は買えるんだ僕らは数えないし失くすこともない世界はまだ不幸だってさもしも君が彼らの言葉に嘆いたとしてそれはつまらないことだよなみだ流すまでもない筈何故ならいつも言葉は嘘を孕んでいる君の影が揺れている今日限り逢える日時計何時もの夏がすぐそこにある証君の喜ぶものはありあまるほどにあるすべて君のもの笑顔を見せてもしも彼らが君の何かを盗んだとしてそれはくだらないものだよ返して貰うまでもない筈何故なら価値は生命に従って付いているほらね君には富が溢れている
0,幼い頃から耳を澄ませば、ほんとうに小さな音も聴こえて来た。遠い雲が雨を手放す間に、木々の笑う声。時と言う時はそう音楽になり、欲しいものなどなかった。どれほど強く望もうとも、どれほど深く祈ろうとも、もう聴こえない。あなたの命を聴き取るため、代わりに失ったわたしのあの素晴らしき世界。GOODBYE。唯一の母親に、娘は漏れなく取って置きの魔法をかけられているのだ。青い海が陽射しを抱擁する様に、それは護られていく。出会すシーンはすべてハイライトで、みな、掛け替えのないキャストだった。どれほど強く悔やもうとも、どれほど深く嘆こうとも、帰れやしない。わたしは今やただの女。さよなら、あなた不在のかつての素晴らしき世界。GOODBYE。
0,"i wanna fall into youand i wanna be everything you want me tobut i'm not sure i know howi lose faith and i lose groundwhen i see you i rememberunconditional loveit doesn't matter what i saycause it always seems you're takingme the wrong waybut if you could read my mindyou'd see, i fight myself all the timewhen i see you i surrenderunconditional lovestanding on a wilder shorei got my head up in the cloudsi ain't got no sense of direction nowi wanna lie next to youand i wanna do everything you want me tobut i'm not sure i know howput your arms around me nowwhen i feel you i surrenderunconditional loveall you need iswhat the world needsnow the word is love"
0,好きと云はれりや誰にでもからだをひらくをんなだと世間(ひと)がわちきを嘲笑(わら)ふのを知らぬわけではありんせんだけどこの命一思ひに投げ出した相手は唯(たった)一人だけ噫こんな奥底を突き止めて置きながら知らぬ存ぜぬぢや余り然(そ)で無いわいな月に叢雲(むらくも)花に風酔わせておくんなんし惚れて候好いたお人にや何処までも莫迦(ばか)になる様なをんなだと世間がわちきを嘲笑へども自棄(やけ)や勢(はず)みぢやありんせんだからこの心破いて千切れる迄(まで)抱いてよ唯(たった)一度だけ噫こんな痛みなんぞ明日の望みなんぞ見えぬ聞こえぬ本当も嘘も無いわいな指切拳万針千本呑ませておくんなんし暗(く)れて候無無(なけな)しの命の証を点(とぼ)しておくんなんし判るざんせう
0,頭が有れば要は簡単に片付いて子供と呼べば汚されないで済むのさ僕に少しの光合成　君に似合ふ遺伝子をヒトは仕様の無いことが好きなのだらう「嘘ヲ吐クナヨ」泣いたら何だつて此の白い手に入りさうで答へなら純粋だ　惹かれ合つてゐるこんな風に君を愛する　多分幾つに成れば淋しさや恐怖は消へ得る子供を持てば軈(やが)て苦痛も失せるのか君が慕ふ思春期と　僕が用ゐる反抗期最早語呂を合はすことが好きなのだらう「嘘ヲ吐クナヨ」泣いたらどんな法も覆して願望通り答へなら残忍だ　騙し合つてゐるこんな風に君は愛する　多分「嘘ヲ吐クナヨ」もう是以上知つて　眠らない夜と心中未遂思ひ出に酸化した此の含嗽薬(うがいやく)　迷彩(カムフラーヂュ)無い物　頂戴なんて憤(むずか)つてゐる幼児同様お母様　混紡の僕を恥ぢてゐらつしやいますか君が愛した　僕
0,急に只　寝息が欲しくなって　冷凍庫にキーを隠したのです夢の隙に現を殺し　戦う不条理なレッグカフ…今朝の二時シヤーベッツのロゴが溶けている　黄色い車の名は「　　　」明け立ての夜を強請(ねだ)る品川埠頭に似合うのです…今朝の五時あたしが此のまヽ海に沈んでも何一つ汚されることはありませぬ其れすら知りながらあなたの相鎚だけ望んでいるあたしは病気なのでしょう甲州街道からの渋滞が激化して日本の朝を見ました覚醒を要する今日と云う厳しい矛盾に惑うのです…つい先(さっき)もどれ程　若さの上に丸で雲切れの笑顔を並べど変わりませぬ孤独を知る毎に　あなたの相鎚だけ望んでいるあたしはあたしはあなたの其の瞳が頷く瞬間に初めて生命の音を聴くのです天鵞絨(ビロード)の海にも　仕方のないことしか無かったらあたしはどう致しましょう翻弄されているということは状態として　美しいでしょうかいいえ　綺麗な花は枯れ醜い過程が嘲笑(わら)うのです…何時の日も
0,「もしもし　そろそろ逢ひたいな」庭には　花菱草(はなびしそう)何時何時(いついつ)　出やる　後ろの正面振り返つて　振り返つて彼(あ)の子は未(ま)だだよと「もしもし　お変わり無いですか」庭には夏が帰(き)さう何時何時　出やる　後ろの正面待ち望むで　待ち望むで彼の子にまう良いかいと鳥渡(ちょつと)仰(あお)いで戸惑(とまど)ひは太陽を隠す雲置いて行かないで空は金と朱色　互ひ違ひ実の無い花は　枯れても永遠に愛(め)でらるる無実の罪蕾に成つて魅せてくれ　さあ　今日と明日を結べ急度(きっと)祈つて　恥ぢらひが陶酔に負ける風付いて来ないで　我は綿の混紡(こんぼう)　互ひ違ひ花の咲かない実は　朽(く)ち永遠に忘らるる無骨な罰　貳(ふた)ツに割つて召し上がれ　さあ　今日も明日も　御覧実の無い花が　枯れゆき永遠の名を貰(もら)ふよ膨らむでゆく　衣纏(まと)ひし此(こ)の子は誰?妙に甘く鮮やかな実嗚呼(ああ)　哀しみ携(たずさ)えし子よ　眠れ
0,恐ろしくて堪んないのただひとり黒々澱んでいるわたしの名は過去と言うのよ迎えを待っている恥ずかしくて堪んないの仰いだら白々拡がっていたあなたがそう未来と言うのね眩しく揺らいでいる遠いようで近いようなあなたの正体をさあ見せてわたしを捕まえて頂戴ほらあなたはわたしを判っているんでしょ悲しくて動けないわ包(くる)んでもっとそっとさあ見ていて…二人が出会う瞬間よ嗚呼なんて美しいのこれ以上は有り得ないわわたし達は二つで一つもう完成しているから離れらんないの如何したって全てが揃ったわ無彩色同士愛し合って赤青黄色の永遠になった嗚呼なんて果敢無いの
0,空低く雲携え木々の肌匂わせている火照った頬に若葉が切絵を映してこれっきりの日とあなた空深く雲黙らせ海の肌撫でつけている翳った指に籠る温もりを隠してこれっきりの夜とあなた噫!世界とまさに出会そうとしている二度と来ないわたしの今日二人と居ないあなたの所為空遠く雲藍染め今の肌通わせている乾いた口に淀む言の葉を焦がして潤んでは出合う眼差し生きているわたしとこれっきりの今日とあなた
0,青い空よなぜ雲をかかえて走っていく恋しいだれかをそっと追い掛けるの？甘い果実よなぜ蜜を隠して黙っている美味しい所をだれかに残しているの？　　　　おしえてよもう騙されないわ　　　　仮初めの彩度だけぢゃ厭なの　　　　　　‥色眼鏡割り棄てて‥赤い空よなぜ太陽なんて溶かしていく敢えないなみだに今日を滲ませるの？　　　　判るのよちゃんと見極めるわ　　　　モノクロの濃度だけで好いの　　　　　　‥色仕掛取り止めて‥気高いあなたもこの大自然の一端ねわたしに見せてよ今尚未開拓の根源生きているあなたいのちは無色透明黄色い百合よなぜ別れ際に咲(わら)っている万代不易(えいえん)を欲するのは無為と云うの？丸い目をすかして求めた全部が愛(かな)しい浅い夢見やしゃんせさあ見やしゃんせ
0,ねえ、如何して目を合わさうともしないの。何故。屹度「直視に耐へない。」とでも云ふのでせう。だうせ。ぢやあ一体誰よ。こんな女にしたのは誰。ねえ、待つてゐたんだよ追つて来てくれるのをずつと。やつと会へたつてのに抱いてもくれないのか。一寸。あゝ人生ご破算。お前さんあんたの所為だつて。分かんないの。仕合せつて何。何れが其れだつてのよ。面倒臭いわ。脳味噌も腸もばら撒いて見せやうか。骨の髄まで染め抜かれた女をご覧なさい。好きよ大好き、皆あんたに上げる。いゝえ。嫌ひ大嫌ひよ、矢つ張り返して今直ぐ。なんて。まう遅いわ南無三。お前さんで出来てんだ、全部。分かつてんの。仕合せも、不幸も、刻一刻消え失せる。冷やこいやうで温かいこの手が、味わひ尽くしたわ。これ以上は何にも無いと思ふの。憎く可愛い人よ。痛いやうで気持ち良いお別れよ。過ぎ去つたあの日々。留めてゐるまゝの生命ごと終はらせて仕舞ひたい。薄らいで行くわ。私は独り法師。
0,何でもいいのさ分別(しどけ)ない願望は何処?文明の進歩へ反比例していく自然いつだって泳ぎ回る欲性(セックス)と嫉妬が満ち干けば知りたいのは仕掛けじゃない割り高広告黙ってろってんだ捏造して金儲けか聡ずかしがっているヒトを視たいのに安くていいのさ邪心(あどけ)ない絶望は何処?どっちかと云えば不幸せな方がいいだれかの取り乱した顔嘘と秘密を剥がし取れ知りたいのは釣り餌じゃない手前の可愛さ誇張すなってんだ見えそうでも見えない自我鏡よ鏡、映して本性を干上がっていく水面にて言葉も忘れ苦悩しようもんか知りたいのは真実(ほんとう)だけ事実は小説よりも奇なり明日は我が身
0,"おいでここへ急いで時間が溶けて無くなるよ些細なこと褒めたり　Your words wash over me電波の向こう忙しい　It's really funny話題が継ぎ接ぎ　自然じゃないデザイン早いとこ核心ついてI SCREAM君は判っている旬は流離う悪者おいでここへ急いで時間は食べるべきものさいざ会っても隔たり　You are slipping away電話のおと騒がしい　I'm feeling lonely腑甲斐無い遣り取り　自然こそリファイン硬い言葉よりそっと1 TOUCH　君を誘っているSHORT CUT　冷たい素肌に1 SCRATCH　やさしい裏技SHORT CUT…　いけない？DON'T MINDI SCREAM君は黙っている旬は恥じらう生物(なまもの)おいでここへ急いで時間が溶けて消えるなら延長してこの賞味期限(best before)　美味しい侭永遠を望んだ瞬間世界は滅亡あーあ如何して君はひとりしかいないの？ICE, ICE, ICECREAM楽園にようこそ旬は正に今でしょおいでここへ急いで時間が溶けて無くなるよ"
0,指と謂う指を貴方に委ね疎通夢を見てゐる金色エナメルが伍本揃ふ其処で　鳥渡(ちよつと)だけ　休憩を　お口に合ひますかさあだうぞ　唯濃密な接吻を　お口に合ひますか生命さへ怪しき瞬きに過呼吸貴方に塗つて戴いた金色エナメルが壱拾本揃ふ此処で　やつとこさ　完成品　お眼鏡は如何さあだうぞ　唯従服の快感を　お眼鏡は如何「愛したひとは貴方だけ」善くも平氣で濡れし此の色目よ似合ふのは　さう　興味本位な　金色の爪(ネイル)そして燃ゆる頬令今宵は果実色に無言(しじま)の意圖か熟れゆく鎖骨のお皿注いで　銘酒の内の取つて置きなら処變はればお相手も變はつて往きます虚構みたいに真赤のエナメル弐拾本揃ふ此処でも　矢張り　同様に　御顔色を窺ひつさあだうぞ　唯恍惚と心中を　御顔色を窺ひつ「愛と謂う言葉が嫌ひです」善くも平氣で抜かす此の色目よ似合ふのは　さう　鋭利で気丈な真赤の爪(ネイル)そして燃ゆる頬血液に似た色に　日向の意圖か熟れゆく羞恥心のお庭注いで　銘酒の内の取つて置きならだつて明日は如何生る身露知れず　果てはたつた一時先の未来其れすら確かぢや無いもの　確かぢやないでせう「愛するひとは貴方だけ」是がたつた一時の真事(まこと)で痛くもない剥いではまた塗つて戴く爪(ネイル)「愛と謂う言葉は不要です」いとも容易に濡れし此の色目を新しく演出して　さあ何方でも…お好きな様に
0,氣持ちは晴れ　身体も未だ自由が利く眼に映る良さ　映らぬ善さ隣の芝　青く見えたら出来るだけ睡(ねむ)るのさ肌を包むガーゼは白い嘘　甘い羂(わな)自ら裏切るなら楽をするに限るさ大人だから小さく唄ふ位　笑ふ位許してね息が出来る頃迄氣の果てまで同じ風が馨つたら善い手にする貴さ　出来ぬ尊さ覚えた儘　内緒の地圖で雨の中を出掛けやう背中を湿らすのは赤い疑念　辛い罰憂き世に居た堪れない悲劇が溢れたとしやう大人だから今日はまう唄ふ位　笑う位許してね守るものは護るさ
0,"Sighs in the blackest black abiding,as soon as one dies, one is risingwith the night so dark and cold,the wishes I make are swallowed up and hidden awayBreath of the whitest white iswhat I most with to say down deep now insideCan a voice so numb and cold have some song to sing？It could be false, or realityThe things I like, or hate, or things I want to gainWhatever's feeling good is what my lines would sayFor setting off the black from white, it'd work perfectlyThough like a chant of ruination it'd beWhy did I think that since I'd studiedthe latest schoolbook I'd know clearlyWhat's right from what's wrong, and which is which one,that I could choose, I could really know？I live according to stage-right, stage-left, exitImprovisation's not been in my bag of tricksSo much of what I want to say pours out noisilyBut never when you're not here alone with meWhat I know that I hold in my hands I want to set free,think of how much lighter you and I would feel thenEvery word, every wall, every curse and sparing nothing, strip it,take it all away to once again see eye to eyeThe things I like, or hate, or things I want, expect,Though if I let them out, I think, what happens next？Well, setting off the white from black is fearful indeedIt's even more so when you live honestlyThis life is long, so long, the world is wide, I say,And when we've freedom won, it all becomes one grayYes, happiness, unhappiness, it's only the heartThat knows no quietude that makes itself knownWhile an adult can keep a secret alone"
0,飛交う人の批評に自己実現を図り戸惑うこれの根源に尋ねる行為を忘れ此の日々が訪れた窓の外には誤魔化しの無い夏　描かれている吹き荒れる風に涙することも　幸せな君を只願うことも　同じ空は明日を始めてしまう例え君が此処に居なくても彷徨う夢の天神に生温さを望み行交う人の大半に素早く注目をさせ其の欲が満たされたあたしの眼にも果てることない夢　映されるのか泣き喚く海に立ち止まることも　触れられない君を只想うことも　同じ空は明日を始めてしまう例えあたしが息を止めても吹き荒れる風に涙することも　幸せな君を只願うことも泣き喚く海に立ち止まることも　触れられない君を只想うことも　同じ空は明日を始めてしまう例えあたしが息を止めても
0,窓辺に置いた椅子にもたれあなたは夕陽見てたなげやりな別れの気配を横顔に漂わせ二人の言葉はあてもなく過ぎた日々をさまようふりむけばドアの隙間から宵闇がしのび込むどんな運命が愛を遠ざけたの輝きはもどらないわたしが今死んでもランプを灯せば街は沈み窓には部屋が映る冷たい壁に耳をあてて靴音を追いかけたどんな運命が愛を遠ざけたの輝きはもどらないわたしが今死んでも
0,"And when the evening comesa young girl is crying someI know you don't think it sowrong or impoliteTo say it more than twice,repeat it every nightI know it must to youseem something I should knowIt may or may not comeIt hasn't happened butYou talk and don't let goThe world is moving slowYou say it more than twice,repeat it every nightI know it must to youseem something I should knowI don't, don't want to knowSo so loud, so Isay, oh and oh,that's enough for meIf you would chase a flydon't look at some girl's lifedon't swat beyond your eyesJust turn and face your ownAnd you may find it flewInto another roomSo go and chase it downAnd find yourself a homeThey say to speak your mindor else get passed in lineI think it must to youseem something I should sayI won't, won't say a wordEverything isnone of my concernAbsolutelynone of my concernRelative to youI'm hearing clearwhat is trueTrying in vain to say somethingwastes a lifetime; it's halfway to noiseBeautiful things must be something.They are the things that never can lieHere in my heart, the answer is clearIt's always clear, and here I can flyBeautiful things must be something.They are the things that never can lieI don't, don't want to knowNone of my concernSo oh and oh-oh, silently"
0,蝉の声を聞く度に　目に浮かぶ九十九里浜皺々の祖母の手を離れ　独りで訪れた歓楽街ママは此処の女王様　生き写しの様なあたし誰しもが手を伸べて　子供ながらに魅せられた歓楽街十五に成ったあたしを　置いて女王は消えた毎週金曜日に来ていた男と暮らすのだろう「一度栄えし者でも必ずや衰えゆく」その意味を知る時を迎え足を踏み入れたは歓楽街消えて行った女を憎めど夏は今女王と云う肩書きを誇らしげに掲げる女に成ったあたしが売るのは自分だけで同情を欲した時に全てを失うだろうJR新宿駅の東口を出たら其処はあたしの庭　大遊戯場歌舞伎町今夜からは此の町で娘のあたしが女王
0,あと少しあたしの成長を待ってあなたを夢中にさせたくて藻掻くあたしを可愛がってね今度逢う時はコートも要らないとそんなに普通に云えちゃうのが理解らない…ミルクの白に茶色が負けている何よりもあなたに逢って触れたいの全て味わって確かめてイーヴンな関係に成りたい変わりゆくあたしの温度を許してもし我が儘が過ぎて居ても黙って置いて行ったりしないでねコーヒーの匂いを間に挟んで優位の笑みを隠し切れない様子で居る…苦いだけじゃ未だ中庸が取れない梅の散る午後にもちゃんと二人は今日と同じ様に人混みを擦り抜けられるかしらそれぞれが只忙しくして居たら引く手の加減も曖昧に忘れちゃいそうで不安なのにあなたが此処に居る約束など1つも交わして居ない何時の間にか淡色が当たり前に香り二人を支配しそう誰よりもあたしをちゃんと見透かして口の悪さや強がりは“精一杯”の証拠だって何よりもあなたに逢って触れたいの全て味わって確かめてイーヴンな関係に成りたい変わりゆくあたしの温度を許してもし我が儘が過ぎて居ても黙って置いて行ったりしないでね
0,充たしたいのよ五臓六腑まで沁みわたつてよ留度ないのう酔へる物なら皆呑ませておくれ　もの足りないのう眠りたいのよ生きてゐることも忘れたいのよ忙しないのう狸寝入りを照らさないでおくれ…うらめしやさうだよ幽霊の正体見たり　人間様のお通りよ塩ツ辛いナマ臭い生き血がかしましい南無阿弥陀仏！神様、仏様　這ひつくばつて煙幕を張れば小火騒ぎ交互に人生の上前ハネ合う　世間様おたがひ様狡ツ辛いキナ臭い浮き世はかしましい南無阿弥陀仏！神様、仏様　色めき立つた奴等面白可笑しく空騒ぎところが此方人等一等恐いのは自らよささくれ立つてはついいけない胸騒ぎ遊びたいのよ誰ぞ好い人と善がりたいのよ慾深いのう地獄の淵へ突き落としておくれ繰返される諸行無常よみがへる性的衝動冷凍都市の暮らし行方知れずの彼奴何時の間にか姿眩まし
0,"Who, where, are all the enemies around usI look and yet I never seem to knowTonight I say that fate is in the momentRight here among usSo before you go hating on anotherWhy don't you try and love the way I doSomething is telling me that we're all humanWe want the same thingDon't you go and worry so much'Bout your manners, it's not nice, noGo on, life it never moves too slowSo don't spend it waitingThanks to all of you, we'll dazzle even brighter nowLet the diamond thrill our hearts tonightBrighter than the stars, oh radiant, the only oneTake me back to wild delightMost unusually, defenseless are weWe'll offer a reply, unknown, out of sightNo, not a single enemy is hidingToo true no matter if you take it offWall everybody wants to tremble some yeahBefore the war startsDon't you go and worry so much'Bout what happens, it's not fun, noGo on, life is not so big you knowNo time like the momentThanks to all of you, we'll push it even further nowLet the diamond sear our hearts tonightStay right here with me, we'll find the fuse and blow it upTest me now, my manic delightUniversally defenseless are weWe'll make it on our own and start a new worldDon't think much of this, hey, go ahead make fun of itOh, I haven't yet begun to fightAll that I have said still hasn't been the best of itSo much more is coming to youThank you everyone and welcome to the diamond lightShimmer with me hey now here tonightNothing can come up that ever keeps us down againWe'll just simply laugh at our plightI'll get out of here while I've got the chance"
0,"Oh... je voudrais tant que tu te souviennesDes jours heureux ou nous etions amisEn ces temps-la, la vie etait plus belleEt le soleil, plus brulant qu'aujourd'huiLes feuilles mortes se ramassent a pelleTu vois, je n'ai pas oublieLes feuilles mortes se ramassent a la pelleLes souvenirs et les regrets aussiEt le vent du nord les emporteDans la nuit froide de l'oubliTu vois, je n'ai pas oublieLa chanson que tu me chantais...C'est une chanson qui nous ressembleToi tu m'aimais, et je t'aimaisNous vivions tous les deux ensembleToi qui m'aimais, moi qui t'aimaitMais la vie separe ceux qui s'aimentTout doucement, sans faire de bruitEt la mer efface sur le sableLes pas des amants desunis.The falling leaves drift by the windowThe autumn leaves of red and goldI see your lips, the summer kissesThe sun-burned hands I used to holdSince you went away the days grow longAnd soon I'll hear old winter's songBut I miss you most of all, my darlingWhen autumn leaves start to fall"
0,小さく丸めた躯は今かなしみ隠し震えて命を表しているのね重く濡らした瞼は今よろこび映す日の為心を育てているのねかじかむ指ひろげて風に揺れ雨に晒され遥か空へ身を預けて‥生きよう‥何も要らない私が今本当に欲しいもの等唯一つ、唯一つだけ
0,"you're just too good to be truecan't take my eyes off of youyou'd be like heaven to touchi want to hold you so muchat long last love has arrivedand i thank god i'm aliveyou're just too good to be truecan't take my eyes off of youpardon the way that i starethere's nothing else to comperethe sight of you leaves me weakthere are no words left to speakbut if you feel like i feelplease let me know that it's realyou're just too good to be truecan't take my eyes off of youi love you baby, and if it's quite all righti need you baby, to warm the lonely nighti love you baby, trust in me when i sayoh pretty baby, don't bring me down, i prayoh pretty baby, now that i'm bound to stayand let me love you baby, let me love you"
0,"Du mein Gedanke, du mein Sein und Werden!Du meins Herzens erste Seligkeit!Ich liebe dich, wie nichts auf dieser Erden,Ich liebe dich in Zeit und Ewigkeit!Ich denke dein, kann stets nur deiner denken,Nur deinem Gluck ist dieses Herz geweiht;Wie Gott auch mag des Lebens Schicksal lenken,Ich liebe dich in Zeit und Ewigkeit!"
0,しかし何故にこんなにも眼が乾く気がするのかしらね黄色の手一杯に広げられた地図には　何も無いそして何故に雨や人波にも傷付くのかしらね魚の目をしているクラスメイトが　敵では　決して無い線路上に寝転んでみたりしないで大丈夫いま君の為に歌うことだって出来るあたしは何時も何時もボロボロで生きる例えば少女があたしを憎む様な事があっても摩れた瞳(め)の行く先を探り当てる気など　丸で無い徒(いたずら)に疑ってみたりしないで大丈夫いま君が独りで生きているなんて云えるの君は常に常にギリギリで生きるあたしは何時も君を想っているのに髪の毛を誘う風を何ともすんなりと受け入れる眩しい日に身を委せることこそ悪いこととは云わない無理矢理に繕ってみたりしないで大丈夫いま君の為に歌うことだって出来るあたしは何時も何時もボロボロで生きる
0,あなたはすぐに写真を撮りたがるあたしは何時も其れを厭がるのだって写真になっちゃえば　あたしが古くなるじゃないあなたはすぐに絶対などと云うあたしは何時も其れを厭がるのだって冷めてしまっちゃえば　其れすら嘘になるじゃないdon’t U θink？　i 罠 B wiθ U此処に居てずっとずっとずっと明日のことは判らないだからぎゅっとしていてね　ダーリンあなたはすぐに　いじけて見せたがるあたしは何時も　其れを喜ぶのだってカートみたいだから　あたしがコートニーじゃないdon’t U θink？　i 罠 B wiθ U傍に来てもっと昨日のことは忘れちゃおうそしてぎゅっとしていてね　ダーリンまた四月が　来たよ同じ日のことを思い出して
0,あなたはそっと微笑(わら)ってくれるから明くる朝とうに泣き止んで居るのさ此の小さな轍(わだち)に「アナタ呼吸(イキ)ヲシテ居(イ)ル」蝉が喚いて夏の到来を知る其の都度何故か羨んで居るのさ此の戦地で尽きたら「何(ナニ)カシラヘノ服従(フクジュー)」帰る場所など何処に在りましょう動じ過ぎたもう疲れた愛すべき人は何処に居ましょう都合の良い答えは知っているけど中目黒駅のホームに立って居たら誰かが急に背を押したんだ 本当さ此の勝負に負けたら「生(イ)キテユク資格(シカク)モ無(ナ)イ」飼い馴らされた猫の眼(まなこ)で鳴いてみようかやってみようか愛すべき人は何処に居ましょう予定の調和なんて容易だけど声を出せばどなたかみえましょう真実がないもう歩けない灰になれば皆喜びましょう愛していたよ軽率だね
0,此の扉(ドアー)なら破れない其の塔なら崩れない彼(あ)の天なら潰れない何(ど)れも嘘らしく馨つてゐます喩へ蒔いても育つても仙人草(クレマチス)咲いても強く色付かうとも瞬時に黙つて堕ちて逝きます如何して？　何故　哀しくなつたの現実の夢此の肺なら破れない其の顔なら崩れない彼(あ)の天なら限りない何(ど)れも赤色に匂つてゐます斯くて哭(な)いては惑つては生(な)りませぬ立つたら強く進まなくてはやつとで呼吸に成つて来ました如何して？　何故　魘(うな)されてゐるの現実が夢今日からは生えても芽吹いても仙人草(クレマチス)咲いても悦び過ぎないから大事な生命(いのち)　壱ツだけ　だうか持つて行かれませぬ様に哭(な)いたり惑つたり致しませぬ　立つたら弐度と倒れないから何も要らない　壱ツだけ　だうか　誰か　嗚呼エントリー番号壱(ナンバーワン)
0,"Manha, tao bonita manhaNa vida, uma nova cancaoCantando so teus olhos, teu riso, tuas maosPois, ha de haver um dia em que virasDas cordas do meu violao,Que so teu amor procurou.Vem uma voz falar dos beijos perdidos nos labios teus.Canta o meu coracaoAlegria voltouTao feliz a manha deste amorI'll sing to the sun in the skyI'll sing till the sun rises highCarnival time is hereMagical time of yearAnd as the time draws nearDreams left my heartI'll sing as he plays his guitarI'll cling to the dreams from a farWill love come my wayThis carnival day and stay here in my hearts?Will true love come my way on this carnival day orWill I be alone with my dreams?"
0,朝の訪れを微塵も感じない夜闇がこの先の日本を考えるのかTVも溜息も時計を滅多に止めない何がこれ程迄に虚しさを呼ぶのだ？あなたの部屋の留守番電話が近頃まめに働いているの何故か少しも気にならないのよ伸ばした髪も意味ないから言葉で穴を埋めても　満たされる筈など無い日の出を待ち切れぬまま　鋏を探し出すあなたは全てをあたしが切っちゃっても効かない…夏に見たのは実在しない人だった寒くなる迄知らないで愛してしまった今頃になってから「全部演じていた」なんて受話器越しに泣かれたってこっちが泣きそうあなたがあたしだけ呼んで居ても幾ら素敵に気を引いていても時は既に遅過ぎるのよ答える努力もしないから此の海を又訪れ　思い出そうと歩く波を止めることよりは　た易いと感じるのにあたしの気持ちは何処に行ったって戻らない…「嘘はつき　つかれるもの」あなたはそう笑うが間抜けなあたしをはじめ　不可能な人種も居る上手く前に進めずに不器用に倒れるなら起き上がる道具ひとつ　持たないで死んで行くわ 殺意だけ仕舞ったら　あたしは最後のいま「機械の様に余り馬鹿にしないで」って云いたい…
0,"When the time is ripeTo catch you in the actNext time the time arrivesThen You won't slip so fastI'll numb your senses downAnd Loosen up your gripIn the foggy lightThere's Nothing but your sixthWith every color in the bookThere is no mercy for a crookExcuse meCatch me a thiefHere is your wanted manHe'll steal againAll reason from my heartYou got to be quickTake the chance, take a shotThe situation hereRemains rather tenseWith every pistol in my eyesThis party's over, say goodbyeOh my godHey, I've been hadInstinct is in my headCure me againOf whispers in my heartExcuse meCatch me a thiefHere is your wanted manHe'll steal againAll reason from my heartOh my godHey, I've been hadSome beast is in my headTake me againBack to where it begins"
0,本当のしあわせを　探したときに愛し愛されたいと考えるようになりましたそしてあたしは君の強さも隠しがちな弱さも汲んで時の流れと空の色に何も望みはしない様に素顔で泣いて笑う君にエナジイを燃やすだけなのです本当のしあわせは目に映らずに案外傍にあって気付かずにいたのですがかじかむ指の求めるものが見慣れたその手だったと知ってあたしは君のメロディーやその哲学や言葉　全てを守る為なら少し位する苦労もいとわないのです時の流れと空の色に何も望みはしない様に素顔で泣いて笑う君のそのままを愛している故にあたしは君のメロディーやその哲学や言葉　全てを守り通します君が其処に生きているという真実だけで幸福なのです
0,I'll never be able to give up on youSo never say good bye and kiss me once againあたしは絶対あなたの前じゃ さめざめ泣いたりしないでしょこれはつまり常に自分がアナーキーなあなたに似合う為現代のシド・ヴィシャスに手錠かけられるのは只あたしだけ行かないでね何処にだってあたしと一緒じゃなきゃ厭よあなたしか見て無いのよ今すぐに此処でキスして違う制服の女子高生を眼で追っているの 知ってるのよ斜め後ろ頭ら辺に痛い程視線感じないかしらそりゃ あたしは綺麗とか美人なタイプではないけれどこっち向いて行かないでねどんな時もあたしの思想を見抜いてよあなたの長い睫毛も其の華奢で大きな手も全部大好きなの何処にだってあなた程のひとなんて居ないよあなたしか見て無いのよ今すぐに此処でキスして行かないでね何処にだってあたしと一緒じゃなきゃ厭よあなたしか見て無いのよ今すぐに此処でキスして ねぇI feel so nice 'cause you are with me nowIt is certain Ilove you so much babyI'll never be able to give up on youSo never say good bye and kiss me once again
0,さあまぶた閉じて耳をふさげよ静かな闇の中に聴こえてくる君の呼吸と小さな君の鼓動捕まえたなら解き放てよ走りだせ地球は大きいから抱き締めろ命は短い君の涙を夢を愛を待っている広い世界が待っているああ紛らわすな君の痛みを淋しく押し殺すな醜くとも苦しくとも重さに挫けようとも風は吹いている解き放てよ与えられやがて奪われるそんな風に僕らは出来ている込み上げる想いがあるだろう叫べばいい君は美しい朝日眩し水面輝き　草木萌えて花咲き散り夜鷹哭く空　月も冴えていとしくて涙があふれてかなしくて星空見上げて目映い光に目を瞑ったら僕らいま夜明け真っ直中
0,"You, hey close your open eyescover up your ears insidethe silent signsof darkness will ariseand you will start to hearbreathing in your own free airand hear the pul-sing pounding in your heartAnd if you've caught yourselfWon't you let it go nowRun and seethe world is way too big to hesitateHold it tightyour life is way too short to waste awayTears will fallbut dreams and love are waiting where they dropYou will findA wider world is waiting here for youHey, don't turn the other waycover up your lonely painThe hurt you feelDon't lock it in your heartAnd if it hurts your eyesAnd if it tries your mindAnd if you find you're losing all controlThe wind will blow it throughWon't you let it go nowHere and goneAnd all that we receive will pass awayCome and goAnd all we are made of is made this wayLet it outSomething held inside may be breaking throughScream it outYou can scream it out cause you're beautifulMorning sun is in your brown eyeswater glimmering spring grasses, green fieldsFlowers bloom and scatter round younight bird calling clear waking the moonlightTears will riseand fall into the pain of a caring heartSadness hurtsso turn yourself and look up to the starsClose your eyestonight the light is blinding in the darkYou will seeus walk into the breaking dawn of day"
0,お空は忙しく明日(あした)の仕度をします貴方は此の夜に静かなさよならして瞳を閉じお休み遊ばせ
0,陽が静かに昇り詰め湿った大地を蒸し上げて蝉のこえはあの雲を千切るほどに焚き付けて夏が来る空と陸抱合う刹那よ今日は何かいいことがありそう人はいつも坂の途中期待を抱え上がり下がり生きている夜と昼泪に暮れても今日は何かいいことがありそう
0,あの山越えてまだ見ぬ向こう側へ何が在るのか知らない突き止めたい歩いても止っても全然進めないのなら思い切り野生の本能にまたがろうほら駆け出そう今この波越えてまだ見ぬ向こう側へ孤独の意味が知りたいあらがえない泳いでも浮んでも延々息苦しいのなら思い出に浸った感傷を捨て去ろうほら漕ぎ出そう今失うもの等は初めから無い生命を越えて本当の未踏の地へ涙涸らした心が映す果てを確かめたい
0,"I will cross that mountain highand reach the side that is not clear hereWhat is waiting who can know and I don't know,I've got to find out thereYou take your steps,you stop and look but you can't seem to move much aheadSo why don't you give in to wild instinct to begin running freeMaybe start running freeI will cross another wave and reach a shore I can't be sure ofAll alone, what can it mean,I can't resist and must learn what it seemsYou swim and swim,float on your back but still never can quite catch your breathSo why don't you toss all this sentiment immersed in memoryMaybe start sailing freeI do not think there was ever a single thing to loseI will cross over this lifeand reach the side that no one knows hereOh, a heart with no more tears is like an end, an end without an endI must find it there"
0,逆さに数えて残りを測っているの確と最期から指折たったいままで使い果たすのさ　今生のすべてさまよえる心よ　振り返る勿れ終を見据えて命を揺すっているの音がしたらそれは突撃の合図だと捕えてみせるさ　逆転のときをかじかんだ体よ　覚醒してくれ有りっ丈喰い尽くし死ぬ瞬間は空っぽの容れ物に還ろう…ああ打ち勝つさ　焦燥を呑込め先き立った頭よ　間違える勿れ斃る日に　丁度　終わるようにいまは何ひとつ　諦められない
0,ちっぽけで汚らしい動物　雌一体生まれてから二十年弱生きて来たのだろうか　其の上只　易々と　泳いで行くのかしらたった今頂戴した言葉　其れ一体どういう意味を持つのですか「愛している」と云う腕の中で只　易々と　泳いで行くのかしらあたしが足の指五本　踵一個　不思議も無く此処にへばりつける此のことを詳しく説明して下さいな唇ばかりをそう見つめる前にはっきりしないあたしの生態　雌一体　生まれる迄歴史などが少しでも動いたと　云えるの只　安々と　泳ぐだけならあたしが届かない雲の彼方に不思議も無く厳かに構える日のことを詳しく説明して下さいな手を取り優しくそう捕える前に
0,"don't pray for it to rain, don't look to the skyhold me with your lonesome eyesyou slipped into my room in a simple disguisetake me with your furtive eyesi want...i wait for time to come my way againstay here, your sorrow's luring me in,but does this sorrow ever end?sadness invites me, entices me to youdon't let me goyou first came to me with miserybut now you feel uninspiringall the pain in your face has been replacedi'm so tired of useless words and laughingwith you i felt time lift and carry me awayi want you with me but all you feel is coldis this getting old?your look of sorrow, it fills me with desiremy heart's on firecome here, come near methere is no one like youlet's burn up this roomnow that i'm with you, i see it day by dayfacades, they fade awayhow will you get by?you know, i just don't care for foolish affairsyou cheat, you smile, you laugh at my desirei'm crazy for...what am i crazy for?"
0,"you say I betray youthat I'm always changingwhen all I really dois not stay true to your illusionsyou phone&talk marriagecover up the mouthpiececursing at your mothergrumbling 'bout your dinnerI am not your possitionnot another toy for the boyweary of your directiontired of your desire to controlhoney,I've got tell youit's like walkin'tightropeI'm leaving your islandbuilt a ship of my ownI just want simple peaceso I say good bye,tarry byesure I cook lunch for youif you are pure&spotlessI'm leaving your islandbuilt a ship of my ownI just want simple peaceso I say good bye,tarry bye"
0,お願い黙っていて今は言葉のほうが甘いの本当の何倍もお願い視線を逸らして若々しくて痛いの突刺す純情が逆らえぬ抗力±0迄お互いに引き合えば全てがあって何もないふたり出くわせた運命を思うほどその手の体温が鼓動が点っていくんだ至上の安らぎあなたは生きているああ、あいしているこの静かな瞬間よ止まってこれ以上は決して望んでいないお願い支えていて何処か危なっかしくて恐いの隠した熱情が償える罪科は±0迄疑いで相殺よ そう自由を覚えて勝ち取った孤独結ばれない運命を憂うほどあまりに簡単で不安で壊しちゃいそうよ至上の苦しみわたしは生きているああ、あいしているこのあえかな実感よ続いてこれ以上は決して望んでいない
0,東京なんてのは危険な処よ　ちょっと特別視すりゃ不平等呼ばわり平等な関係、平等な姿勢　できていると言い張れる奴ほど疑わしい何もキめずに静かに生きるわたしは今すぐ抜けて泣けて笑える映画が観たいのねえ貸してよTSUTAYA随所に未来感じるSELF REGISTERデートがしたいわこのお店FAVOURいいひと居ないかしら現地調達よああもう痺れたいのGUITAR東京なんてのは野暮ったい処よ　出る杭は念入りに不適切呼ばわり適切な関係、適切な姿勢　できていると言い張れる奴こそ図々しい素面のままで静かに生きるわたしは今すぐ甘苦くゴキゲンななんか飲みたいの作ってよSTARBUCKSハートのなかだってそりゃあEXTRA HOT熱くさせるわこの店DATE SPOTいいひと居ないかしら現地調達よああもう痺れたいのHORNSまっとうな人生目指して　うそを云わないで正常な神経保っていようとしてんだ此方人等美味しそうな今美味しそうな旬を美味しく戴く　それが人生よ　つまり愛すべき今愛すべきひとと愛し合うまでよ邪魔しないで相も変わらず都会は剣呑で信じたいものが一番怪しくて恐怖を覚えていながらどうしても負けちゃあいられないわたしは今日も合法でキまれんの痺れてんの様見さらせ天晴よ東京
0,昔　描いた夢で　あたしは別の人間でジャニス・イアンを自らと思い込んでいた現実には本物が居ると理解っていた此処の所描く夢の　あたしはあたしだから欲望も何も区別がつかなくなっていた現実でもほとんど不確かだあなたの髪を切らなきゃ真っ黒な其の眼があたしの眼に光を射てば呼吸が出来るいまは還らない影など全く厭だけれどあなたには殺されても良いわ手錠をされたままであたしに跪いた独り切りじゃ泣いてばかりになる為誰かにそっと寄り掛かるのであろうあなたはあたしじゃなくちゃ真っ白なほっぺたに透き通る小さな雨垂れを落としてしまうでも泣かないで　今すぐ鍵を開けてあげるあなたには全て許しちゃうわ
0,誰か僕に巧いお菓子を毒で本望　嘘で元々さ可成なら甘いものが善い湯呑勘定　蟲歯も厭はない「立て」「撃て」「切り裂いても敬ひ去れ」「歇(や)むな」「惡(にく)むな」「吐け」「出せ」「引き摺つても歩き行け」「振り向くべからず」色彩丁度好い洋杯(コップ)が何処に行つても見付からないのだ　如何してこんなにビルも道路も　増えて居るのに飲むでも飲み切れぬ壜(ボットル)で不條理を凝視せよ季節は廻つて急ぎ足花は咲いた　蜂を呼寄せた幾度も繰り還しをする寛る様で　枯れるのが常と「待て」「伏せ」「不可解でも崇め逝け」「病むな」「憎むな」「視ろ」「嗅げ」「不愉快でも味わひ識(し)れ」「覚悟を極(き)めろ」芳醇長嘉の勝訴が何時になつても見當(みあ)たらないのだ　如何して品位が麗しいのは事実なのに泣いて負けを認むる獣の條理を諷刺せよあ、通り雨　憂ひ菩薩　雲　行きて　また　晴れて配置されし　僕の記号　期待すれば氣付いてしまふ模範だらけ　模倣だらけ　續いて　往く　此の　営み
0,「追い付けない」なんて云うのね、知ったこっちゃあないわ追い付こうと思っているから恰好が悪いの本当の感度を見せてどんな処を気に入ったの？…きっと洗脳よ追い掛けないでいいじゃない　“貴方はあなた”真似しないで　冴えているこのヤりかたあたしだけに赦された　唯一無二な方法「みんなにはひみつ」だってさ、知ったこっちゃあないわ内緒ごとなんて大嫌い死んだら如何すんの本音の侭居させてどんな処を隠したいの？…ちょっと陰謀よ取り憑かないでそうでしょう　“流行の女”美化しないで　萌えているこのヤりかたあなたの観ている私は　平成時代の偶像可愛くないわ…そうです　“私はあたし”茶化さないで　飢えている刹那を奪うな突き抜けたいのいいじゃない　“生身の女”曝露したいの　妬いているあなたは誰？ヤりかた次第で必ず楽しめるのよ何故ならほら人生の主役はあたし最優秀賞受賞！
0,誰もがわたしを化石にしても貴方に生かして貰いたいこれ以上埃で塗れない様に貴方とお互いの生命(いのち)がまだ繋っていることを確かめていつか別れを識る恐れから逃がしていまは叱って笑って何時も通り誰かが貴方を褒めそやしてもわたしは姿勢を崩さないそれ以上噂で汚れない様に貴方とお互いの意志(こころ)をただ敬っていることを確かめていつか衰えて行く恐れすら融かしてそとが白んで変って浮沈(うつ)るまに生きているうちはずっと旬だとそう裏付けて充たしていまを感じて覚えて何時もより生きて、生きて、活きて居よう
0,つまらない　今日は眼を使わないで欲しいくだらない　こんなあたしはだいっきらい振り返ればいつも恥ずかしいくらい淋しくてざわめいた街路樹が涙を誘うまで気付かなかったのですわすれたい　今日は帰らないでいて欲しいかまわない　こんなあたしはどうなっても寄添って愛と呼び壊れないと信じていても錆付いた快楽はどこから期待したって亡きものなのです佞言は忠に似たり儚い記号のようなこの身を犠牲と知ったら融け合って絶える夢　あなたと見たくて…間違いがあったならふたりが出会った真実ただどうしてヒトはこれほど頭脳を発達させたのでしょう
0,この町で生まれたのよ　悲しみだけうずまく町どこか遠く逃げたいわ　私は白い小鳩生毛さえ消えぬうちに　夜の酒場つとめ出して流れ者にだまされた　あわれなそうよ小鳩いつかはきっと　みじめな私もこの羽根広げて　遠く遠く旅立つわあの汽車に乗れる時を　夢に抱いて生きているのいつかきっととび立つわ　私は白い小鳩泣きながら生きて来たわ　想い出せばいつも私ここの町は泥沼よ　私はもがく小鳩世の中に出ておゆきと　死んだママが言っていたわそうよけして負けないわ　私は負けはしないいつかはきっと　みじめな私もこの羽根広げて　遠く遠く旅立つわあの汽車に乗れる時を　夢に抱いて生きているのいつかきっととび立つわ　私は白い小鳩
0,"What are you afraid ofYou say that you feel sofeel so aliveThat's a good thing, no？What are you afraid ofThey've gotten so realThose things that you feelBut progress is good, no？What is it you're doubtingYou know I just found youHere suddenlyThat's a good thing, no？What is it you're doubtingYou're asking me if youcan love me moreBut onward we move upDon't think I don't know that time had come to restAll of last night, the world was just usBlock by block the rain had let up,the city stopped and seemed to dieAnd so right then it was like we'd done the samefeeling like ghosts, like death had no enddrifting slow we can't go back now it felt so goodBut we were young too youngI've got to find somewhereNo pocket of air canHide you awayThey never did existWherever I fly toI know that the perfectNest is a lieHowever we move upDon't think I don't know no weather could upsetAll of last night, this world was a nestNone of us were starving but weJust turned our hearts to you and IOh why then there could we not have stopped to thinksomething gained is another thing loststopped our hearts and stopped our lives from all drifting off'cause we were young too youngIt's why I mutter my mindI don't know how to hide youAnd you do it all the timeWhy won't time stand stillI know I know it when you feel that your lifeFires too fast the sounds are too brightcolors loud it's like a sign that it's dangerous but we were youngI think you should know I'm floating all alonedrifting, wondering when you'll come back homebut oh we just can't come apart 'cause when we metthen we were young too young"
0,Apres le bup slowPour que ca reste chaudJe sais ce qu'il nous fautC'est du jazz a GogoTous ceux qui l'aiment bienEt moi qui l'aime bienOn va chanter ensemblePourvu que ca balanceO.K. pour la guitareO.K. pour la batterieEt pour la contrebasseEt le piano aussiTous ceux quiI'aiment bienEt moi qui l'aime bienOn va danser ensemblePourvu que ca balanceEt dans tous les paysDe New York a ParisParlant la meme langueLe jazz mene la danse
0,"Moonlight in the deep of night silences the truth insideMoist as my lips get tonight they don't move, they don't moveSunlight on the open day takes away all honestyDry as my eyes get again they don't see, they don't seeNobody says a thing that would mean a thingReach out your hand and touch my skinI think you'll find that I'm coldNo matter what light you shine on meYou know I have a poor concept of timeHeavy metallic am I, built of natural toxic entitiesLiving things are recognized only after they have diedEverything gets simplified when your blood has gone coldNobody knows anything that could mean a thingDo what you will you won't deceive someone whose mind can't forgetNo way you can fool this memorySee how I yawn and yawn, the time goes byHeavy metallic am I, built of thick, enduring substancesI won't break down though you can try I'll just replace my disguiseI throw off the shots you send at meSee how my words come few and far betweenHeavy metallic am I, and about to spill out toxicityI don't want to harm anyone, so please kill me"
0,"超弩級(ちょうドきゅう)のミサイル逸(はや)る命この現し身は驀地(まっしぐら)世界のまん中が視たいTake me there, won't you？混沌(カオス)と秩序(コスモス)の間で待って居るよ最高級(トップバリュー)のドライブ君の命そのDNAは驀地世界のまん中に触れてRaise me up, won't you？破壊と建設の間で立って居てよ待ち切れない今ならば子供にも大人にもなれる試されたい近付いている確かめてほら自由へ秒読み初期化中の未来図朧(おぼ)ろ命ふと省みて驀地世界のまん中が遠退くWake me up, won't you？気分と合理の両方で迷って居るよ断ち切りたい今だけは男にも女にもならない裁かれたい悴(かじか)んでいる誰ひとりとて損ねない様に雨が止んで風が吹いて絡み付いた縄解(ほど)くとき生きている証は執着そのものだろうけど放たれたい相反する二つを結べ自由はここさ本当の世界のまん中"
0,お早う下ろし立てのときをどうしようか一切合財全部からきし未定わーい遊ぼう思い切り寝て食べて飲んでたのしいおいしい頓知太く長く行こう人生まあ生きていりゃいろいろあるけれど幸せにならなきゃ落込んだら次回はみんな順番に笑おう楽して得しよう人生まあ生きていりゃいろいろあるけれど正直にならなきゃそう最後にはきっと一つしか選べない支店力点作用点合点お金よりも頓知を敵か味方か勝ちか負けかを決めた瞬間急に世界があーあ暗く狭まっていくの見ていたでしょ？さあ還ろう自由へと有難う果てしのないこの世に宙ぶらりん醜いも甘いも全部知り尽くしたい愛そう愛し愛されて食べて飲んできもちいいおいしい頓知生きていりゃもう御の字
0,片方のポケットに夢を誂う夕暮よ町の灯が空々しくてため息を誘う幼い日に憧れた全ては掴んでると説き伏せる胸を盗んで木枯が往くこんなはずじゃなかったこの人生いったい何処が境目だっただろう悔やんでも止んでももう戻れない片方の耳を瞑ったら賑わう駅前を唯ひとり人混み縫って思う侭進め追掛ける眩しさと追越す淋しさよくたびれた脚にこぞって絡まる闇どうかやりなおさせてよこの人生もう一度あの瞬間をつかまえたい笑っても泣いても嗚呼行ったきりこんなとこなのか知らんこの人生いったい何から制限されているのいいや!最初から自由そのものさたった今この瞬間をつかまえたいわたしたちは何時も‥行ったきり
0,大人になってまで胸を焦がして時めいたり傷付いたり慌ててばっかりこの世にあって欲しい物を作るよ　小さくて慎ましくて無くなる瞬間こんな時代じゃあ手間暇掛けようが掛けなかろうが終いには一緒くたきっと違いの分かる人は居ます　そう信じて丁寧に拵えて居ましょうあの人に愛して貰えない今日を正面切って進もうにも難しいがしかし実感したいです　喉元過ぎればほら酸いも甘いもどっちもおいしいとこれが人生　私の人生　鱈腹味わいたい　誰かを愛したい　私の自由この人生は夢だらけこの世にあって欲しい物があるよ　大きくて勇ましくて動かない永遠こんな時代じゃあそりゃあ新しかろう良かろうだろうが古い物は尊いずっと自然に年を取りたいです　そう貴方のように居たいです富士山二度と会えない人の幸せなんて遠くから願おうにも洒落臭いがしかし痛感したいです　近寄れば悲しく離れれば楽しく見えてくるでしょうそれは人生　私の人生　誰の物でもない　奪われるものか　私は自由この人生は夢だらけ
0,"Our life together is so precious togetherWe have grown-we have grownAlthough our love is still specialLet's take a chanceAnd fly away somewhere aloneIt's been too long since we took the timeNo-one's to blameI know time flies so quicklyBut when I see you darlingIt's like we both are falling in love againIt'll be just like starting over-starting overEveryday we used to make it loveWhy can't we be making love nice and easyIt's time to spread our wings and flyDon't let another day go by my loveIt'll be just like starting over-starting overWhy don't we take off aloneTake a trip somewhere far, far awayWe'll be together on our own againLike we used to in the early daysWell, well, well darling"
0,"There’s a door here, but it will not breakThere’s a stone there, but it won’t remainUp there a heaven now, but it will not waitAnd the lies there, the scent of it , just too muchSo should you,Sow it once and make it grow,the sweet clematisLet it flower, and paint it all of the colors boldInstantly things fall and fade,return to silenceWhy oh why, why does it all feel so sorrowful?Dreams of what is realThere’s breath here, but it will not breakThere’s a face there, but it won’t remainUp there a heaven now, but it knows no nameand the stain is the color of red through redAnd thus,You cannot cry, confuse the lies,try to rememberWhen you rise, you take you steps with a strong desireTime goes by, a breath it comes,like something givenWhy oh why, why have these nightmares not long expiredthe real is but a dreamFrom now on,should it grow and open full,the sweet clematisFlower bold, but there’s no need for rejoicing morePrecious life, this life just once,it comes just one timeKeep it close, keep it from ever just leaving youCrying tears confusing fears they are no longerWhen I stand I know I’ll never be down againNothing that I need now,once it comes just one timeSomehow, somehow, someone, ahEntry Number One"
0,あなたきれいすてききらいつよいよわい
0,この坂道もそろそろピークで　バカらしい嘘も消え去りそうですやがて来る　大好きな季節を思い描いてたらちょうどいい頃に素敵なコードで　物凄い高さに届きそうです言葉より　触れ合い求めて　突き進む君へ粉のように飛び出す　せつないときめきです今だけは逃げないで　君を見つめてようやたらマジメな夜　なぜだか泣きそうになる幸せは途切れながらも　続くのですはぐれ猿でも調子がいいなら　変わらず明日も笑えそうですふり向けば　優しさに飢えた　優しげな時代で夢のはじまり　まだ少し甘い味です割れ物は手に持って　運べばいいでしょう古い星の光　僕達を照らします世界中　何も無かった　それ以外は南へ向かう風　流れる雲に心の切れはしを　託したならば彼方へ…粉のように飛び出す　せつないときめきです今だけは逃げないで　君を見つめてようやたらマジメな夜　なぜだか泣きそうになる幸せは途切れながらも　続くのです続くのです
0,あなたが八度七分の声を使うときは必ずあたしに後ろめたいことがあるとき汗ばんだって恥じらったって理由もなく触れたがったりした凍えたって甘えたって只の刹那に変わった二人その時全て流れ落ちた冷たい秋はたった二度目でも砂場の砂も気持ちも全部二人の手で滑り落としたあなたが脈略も無くキスをくれるときは必ずあたしの機嫌を損ねた様なとき汗ばんだって恥じらったって理由もなく触れたがったりした凍えたって甘えたって只の刹那に変わった二人その時全て壊れ落ちた激しい雨には慣れていたけどお得意の嘘や詮索ごっこが最後の遊びへ導いていたこのところ悔やんでばかり居る口には決して出せないけど今のあたしだったらあなたと退(すべ)らずに済む様な気がする許されるなら本当はせめてすぐにでも泣き喚きたいけどこだわっていると思われない様に右眼で滑り台を見送って記憶が薄れるのを待っている
0,美しさと正しさが等しくあると疑わないで居られるのは若さ故なんだ子供みたいに疲れを忘れて寄り掛り合えば僕らはたった独りでいるよりも有りの侭になる時よ止まれ　何ひとつ変わってはならないのさ今正に僕ら目指していた場所へ辿り着いたんだ新しさと確かさを等しくもとめ生命をほんの少しだけ前借りしたんだ大人になって恥じらい覚えて寄り掛り合えば僕らはきっと互いの重さを疎ましく思うだろういつも何故か　気付いた時にはもう跡形も無い伸ばす手の先で消え失せる物程欲しくなるんだ
0,平和を祈るのは偏に女の生業男は戦を勃発させるほう大いなる境界線(BORDERLINE)繁栄を急ぐにも利便性をはかる男と野性の侭で生産し続ける女の境目よ寒い秋　温い春　青い夜　赤い朝GOOD MORNINGGOOD NIGHT今日も裏表隔たっている地球の正反対同士HIDE & SEEK終わりはない勝負を挑むのは只管男の生業女は経緯を評価するほう相容れぬ境界線太陽の後押しで地上へ根差した男と月に愛されて海洋を漂う女の境目よ目を閉じたら映るから遠く水平線の向こうがCOME BACKGO AWAY屹度境目は繋目でしょう地球の命を負う同士LOVE & HATEGOOD MORNINGGOOD NIGHT今日も裏表繋がっている一蓮托生の番いはSUN & MOON続いていく
0,"now I'm seventeenmy school is in the countrystudents wear trainersread the same magazinesnow I'm seventeenmy school is gettinng tiresometeachers-they're so youngsingling me outonly like philosophy & after school the timethat's what I call my own timenice girls meet nice boys end of school daywhile other girls go strait hometalking 'bout soaps'n' thatI go home alonelike it watching the nameless peoplesurfing subways,travelling somewhere　“…nowhere…”now i'm seventeen i do not have a titledepend on no one elsebusy being king (to myself)only like philosophy & after school the timethat's what I call my own timenice girls meet nice boys end of school daywhile other girls go strait homei go hime alone and have dinnerin my sweet home praying again,again & again (“…peace…”)i see the same faces in school& they say that i am different i think it's an honouri say it's an honour to B differenti can't go their waysurfing subways,travelling somewhere　“…nowhere…”i see the same faces in school& they say that i am different i think it's an honouri say it's an honour to B differenti can't go their waynow i'm seventeennow i'm “…seventeen…”"
0,今朝は妙なメイルを拝受しました。其処に「出生の意志」が載つて居り、現在(いま)は、酸素を押し返さうと必死です。まう亡骸は消去完了……何處にも桃源郷は無いと云ひます。僕は、両(りやう)の肢から認知しました。此処に「半分の意味」を見出して、現在は、酸素を吸ひ切つてしまふ準備中です。亡骸に弁護は不要……何處にも桃源郷が無いのなら、お造り致しませう。・生むで廃棄する勇氣・空を斬つてゆく庖丁(ナイフ)・今日、胎盤、明日僕を食しても植わらない理由は「渾(すべ)て獨りぼつちだから」。偖(さて)は、こんな輪廻と交際をする業が、お嫌ひなのでせう、当然です。未だ何の「建設も着工」してゐない、白紙に還す予定です。お顔を。さあ、拝見させて下さい。
0,あの日飛び出した此の街と君が正しかったのにね不愉快な笑みを向け長い沈黙の後態度を更に悪くしたら冷たいアスファルトに額を擦らせて期待はずれのあたしを攻めた君が周りを無くしたあたしはそれを無視したさよならを告げたあの日の唇が一年後どういう気持ちでいまあたしにキスをしてくれたのかな短い嘘を繋げ赤いものに替えて疎外されゆく本音を伏せた足らない言葉よりも近い距離を好み理解出来ていた様に思うが君に涙を教えたあたしはそれも無視した可愛いひとなら捨てる程いるなんて云うくせにどうして未だに君の横には誰一人居ないのかな何て大それたことを夢見てしまったんだろうあんな傲慢な類の愛を押し付けたり都会では冬の匂いも正しくもない百道浜も君も室見川もないもう我が儘など云えないことは分かっているから明日の空港に最後でも来てなんてとても云えない忠告は全ていま罰として現実になったあの日飛び出した此の街と君が正しかったのにね
0,小さな手のひらに　ひとつ古ぼけた木の実　にぎりしめ小さなあしあとが　ひとつ草原の中を　馳けてゆくパパとふたりで　拾った大切な木の実　にぎりしめことしまた　秋の丘を少年はひとり　馳けてゆく小さな心に　いつでもしあわせな秋は　あふれてる風と　良く晴れた空とあたたかい　パパの思い出と坊や　強く生きるんだ広いこの世界　お前のものことしまた　秋がくると木の実はささやく　パパの言葉
0,そう確かに何でも持っているこの世はおよそわたしのもの　じゃあ如何してこんな欲を抱く必要があるのよ？封じていたわ色仕掛など最終任務(FINAL MISSION)喰らえHONEYTRAP本当か嘘かも知れぬDIAM.を吐いて奪うわあなたのハートを搦め捕り根こそぎ頂戴するわSHAZAMそう最初はフェイクでいいのよ最後にモノホンにしてしまえば従来の青臭い欲を凌ぐ性急な思いきっとこれは命懸けなの最終手段(FINAL SECTION)当たれSWEETSPOT外せば明日をも知れぬこの身体を代償に狙うわあなたのハートを突止めて一撃お見舞いするわSHAZAM箒や呪文などもう使わないのよさあ此処からは止どめ！ご覚悟251ならばちょっとひと捻りDIAM. へ変えて攫うわあなたのハートを鷲掴み高飛びするわ＋2何処へ飛んで行くべきかもわたしには判っているの貰うわあなたのハートを遣り込めて時めきお見舞いするわSHAZAM
0,好きな人や物が多過ぎて　見放されてしまいそうだ虚勢を張る気は無いのだけれど取分け怖いこと等ない此の河は絶えず流れゆき一つでも浮かべてはならない花などが在るだろうか無い筈だ僕を認めてよ明日　くたばるかも知れないだから今すぐ振り絞る只　伝わるものならば　僕に後悔はない何時も身体を冷やし続けて無言の季節に立ち竦む浴びせる罵倒に耳を澄まし　数字ばかりの世に埋まる上手いこと橋を渡れども行く先の似た様な途(みち)を　未だ走り続けている其れだけの僕を許してよ逢いたい人に逢うこともないだから手の中の全てを選べない　日の出よりも先に　僕が空に投げよう吐く息が熱くなってゆく
0,終にやって参りました勝負の時天気は微笑み役者が揃う唯一足りて居ない物はそう体調(CONDITION)仕様がないだろう?現状を直視しないとしかし堪え難い「こんなもんぢゃありません」「本当はずっとスゴいんです」なんて言訳しそうになった刹那相手の微笑み役者が違うしかし優れたい「今後、摂生いたします」「どうぞ完全をください」不養生をちゃらにして!振り返れば人生晴天乱気流何でもない日は元気なんだよいいけどIt is a mysteryI want a good storyNow I'm in miseryI like big historiesIt's not a mysteryIt's a selfish storyBut I'm in miseryGive me a perfect...つらい帰りたいこんな重要なときに限って今日に限って(わたしに限って)レンジでチンして都合のいい身体を
0,あなたはいつもそうやって丸い四角を選ぶあたしも特に気にせず　三角をのせてしまう嗚呼　しくじった　しくじった　まただわYOU KNOW HOW MUCH I CARE IT.嗚呼　やられたり　やられたり　ようやく愛妻　某ジャクソン夫人あなたはいつもそうやって長い間悩んであたしを上手く丸める全くの積木くろうと嗚呼　しくじった　しくじった　まただわYOU KNOW HOW MUCH I LOVE IT.嗚呼　くやしけり　くやしけり　ようやく友好　傍若孫婦人ののしるなんぢ飽かずやあらむ輒(すなは)ち　お相手つかまつりませうI REALLY REALLY DO
0,頬を刺す朝の山手通り煙草の空き箱を捨てる今日もまた足の踏み場は無い小部屋が孤独を甘やかす「不穏な悲鳴を愛さないで未来等　見ないで確信出来る　現在(いま)だけ　重ねてあたしの名前をちゃんと呼んで身体を触って必要なのは　是だけ　認めて」愛している−独り泣き喚いて夜道を弄れど虚しい改札の安蛍光燈は貴方の影すら落さない歪んだ無常の遠き日もセヴンスターの香り味わう如く季節を呼び起こすあたしが望んだこと自体矛盾を優に超えて一番愛しいあなたの声迄掠れさせて居たのだろう静寂を破るドイツ車とパトカーサイレン　爆音現実界　或る浮遊「不穏な悲鳴を愛さないで未来等 見ないで確信出来る現在だけ重ねてあたしの名前をちゃんと呼んで身体を触って必要なのは是だけ認めて」「不穏な悲鳴を愛さないで確信出来る 現在だけ 重ねてあたしの名前をちゃんと呼んで身体を触って必要なのは是だけ認めて」頬を刺す朝の山手通り煙草の空き箱を捨てる今日もまた足の踏み場は無い小部屋が孤独を甘やかす
0,同じ夢で目覚めた。なぜ今また昔の男など現れる。眉や目でさえ憶えていない相手じゃ遥か朧の月。曖昧模糊。そんな顔を見て過ごしていた、妙な場面。夢は十中八九晴れ模様清々しく。精々願望を映し出しているようで、莫迦に幸せそうに燥いでいたっけ。ああしんどいわ。頭のみ冴えている。どことも誰とも繋がらないこの命。ああ重いわ。持て余した自我。急いで夢の途中に戻して。起きていたくない。微熱を帯びた瞼が居直ると、現の世界は荒れ模様忌々しく。傘も携え用意周到だった。だのに濡れている自分。不幸なんだって。まあしんどいよ。しとどに泣く足。どこへも誰へも続いていないこの道。まあ酷いよ。踏み外した過去。行けども帰れども責められて失せてしまいたい。そう当座凌ぎに必死の人生。悲しくてもう耐えられない。ねえせめて愛されてみたかった。ひと度でも。どんな最期を迎えて死ぬんだろう。変わらず誰にも甘えず、ずっとひとりなら長いわ。高が知れた未来。短く切上げて消え去りたい。飲み込んで東京。
0,おばかさんなの私あの日別れた人今夜もまた逢えそな気がしてひとり待つ待つ　銀座よ悪い人でもいいのつらくされてもいい愛してもう一度　私を霧に泣く泣く　赤坂夢で終わった恋を今も探してるのあなたがいないまま灯りが消えてゆくゆく　青山恋を失くした日から影もうすいみたいひとりで踊ってもはかない夢が散る散る　新宿どこに行ったらいいの夜が更けゆく街私のため息が流れて霧になるなる　東京
0,死刑判決言い渡し聞いた場所を忘れたか産声は極刑の合図執行まで猶予はない手帳の予定調和して追うばかりの毎日か思い当たる当事者よ憂鬱な我が共犯者今日、最初で最後の忌日(X day)出会い頭の肖像は遺影に書いた戯曲の題名が遺言答えを遺す生存者は誰だ言い訳は通用しないのさ牙を剥いたら尊大の合図遠吠えは幼稚な証拠若い身空　青くても最果てに立った者勝ち今日、最初で最後の忌日(X day)別れしなの笑顔が遺影に咲いた話題の風合は遺言答えを正す機会(タイミング)なら今だ○(まある)くないと剌さらないよ小刀(ナイフ)のように尖ったその手口真綿で搦めとるのがオレの手口さあ、刺してみな　棘も花も受け容れよう欲しけりゃそこから何だって奪って行けよ誕生日から科された終身刑満了日まで磨く中枢神経産み出した綺羅星も全て幻消える定めの現(ウツツ)の罪滅ぼし
0,デジタルの示す文字があたしを疲れさせる髪も濡れたまゝ震えて居るのに開け放たれた窓は何を期待しているの受話器は沈黙を破ってはくれない何度も空耳のベルが鳴り身体を起こすけど無神経に朝は訪れる時が暴走する開け放たれた窓を閉めつつ外を覗く受話器は沈黙を破ってはくれない何度もうとうとと船に乗り悪夢に魘される許可無く月が白くなる時が暴走する何度もぐるぐる同じことが頭を巡るけど無神経に朝は訪れる時が暴走する
0,えゝい儘よ　恥ぢも棄て去らむあんた程の　男(をとこ)等居らぬ燃盛る様　爪　熔(と)けにけりあんただけは　奪はれたくないお願ひ　何處にも行かないでよねえ　後生だから傍に置いてよえゝい儘よ　髪　伸びにけりあんた故の　乙女心(をとめごころ)さ如何でも宜し　詰まる処はあんたの眼で　奪はれたのさお願ひ　誰にも云はないでよねえ　後生だから秘密にしてよどんな科白の効力に参つたつもりも無いわ女の私を信じたきや黙つて「ついて」来いえゝい儘よ　廻り諄(くど)いぞなもしこんなことにまう　口は使わぬ
0,"Thinking of sweetness, stuffed myself even moreAfraid it'd run out, had to get even moreDripping with honey, ran to store even moreGorging, got nauseous, vomited everywhereI thought that full was something betterDetestable is how it feelsWhy must this be？The honey used to taste delightfulWas it a poison actuallyThere to trap me？Am I cursed？ I've slighted no oneAnd I'm sure I know myselfThe best so something's not rightThis self is the only thing I loveTo hear, to smell, to see, to touchTo taste is irreplaceable, no less"
0,今日は　然様なら愛してゐる　大嫌ひ夕暮　泪雨懇(ねんごろ)　赤の他人見えてしまつたよ　慾を掌つた過去形まう罷めるよ　ほらすぐ此処に示して楽にしてあげる今日は　御休み前のめり　淑(しとやか)夕暮　波久礼雲苗床　赤の他人消えてしまつたよ　己を能(よ)く模した騒霊まう決めたよ　ほら災ひを起こして取り憑いてあげる見えてしまつたよ　美意識を孕(はら)むだ愛憎まう辭めたよ　ほら須く示して其処は天國
0,ねえ　MRI撮影して頂戴今日の史上最強に仕上がった自分完成しちゃうわねえ　BPM安定して頂戴今日の史上最高に奮い立った気分公開しちゃうわ文明の尺度以前のYES自然の指令に従うああ、あなたのその人生へわたしの人生みんな使うわ一寸待った邪魔しないでよそう易やすと奪わないでよどうしたらいいのねえ　GPS特定して頂戴今日の史上最低に落ち込んだ気分拡散しちゃうわ道徳が擁護しようとNO災害は回避し得ないああ、あなたが居ない人生はわたしの人生なんかじゃない何てこった受け入れらんない何も見えない何も聴こえないどうしたらいいの
0,泥棒猫呼ばわりか人聞きの悪い事を云うじゃあないか箆棒(べらぼう)め言い掛りよあのひとは春猫さ甘え上手勝手に舞い込んで来たものを不意に返せだなんて陽炎や蜃気楼(かいやぐら)の様に追えば　のがすもの泥棒猫呼ばわりもこの頃は好(い)い加減馴れちまいんした一通り言い掛りよあたしなら秋猫さ寒がり屋勝手に擦り寄って来たものは無理に追返せないわ不知火(しらぬい)や宵月に同じ何時も　さむいもの「全てを手に入れる女」と、云われちゃあ流石に白々しくなるなんてったって女と男の縁は切ったって切れないたぐいかどう足掻(あが)こうと切れる手合よあのひとが隠し事するならそれが罪業(ざいごう)じゃあないかなにが不幸か幸せかはだれもわかりんせん勝手に立ち去って行くものをなにも引き留めないわ連れてって焼いたり煮たりさあ、お気に召すまま
0,天上天下繋ぐ花火哉万代と刹那の出会ひ忘るまじ我らの夏を場違ひに冷え切つた体を人熱に放つて流し流され思へば遠くへ来たものだ人生なんて飽く気ないねまして若さはあつちう間今宵全員が魁、一枚目よ皆銘々取りゞの衣裳奔放な命を被ふ化粧隠すまじ我らは夏よ何か知ら落ち込むだ心は人熱彷徨つて流し流され思へば遠くへ来たものだ永遠なんて素気ないねほんの仮初めが好いね愈々宴も酣、本番です皆銘々選り取り全方位獰猛な命燃やす匂ひ臆すまじ我らは夏よ一寸女盛りを如何しやうこの侭ぢや行き場がない花盛り色盛り真盛りまだ丁度大輪の枝垂れ柳蘇るひと世の走馬灯逃すまじ我らの夏を一寸女盛りを如何しやうこの侭ぢやまだ終れない花盛り色盛り真盛りまだ
0,万歳(Hurray)！万歳(Hurray)！日本晴れ　列島草いきれ　天晴乾杯(Cheers)！乾杯(Cheers)！いざ出陣　我ら　時代の風雲児さいはて目指して持って来たものは唯(たった)一つこの地球上で　いちばん混じり気の無い気高い青何よりも熱く静かな炎さ鬨の声が聴こえている気忙しく祝福している今日までハレとケの往来に蓄えた財産をさあ使うとき爽快な気分だれも奪えないよ広大な宇宙繋がって行くんだ勝敗は多分そこで待っているそう　生命が裸になる場所でほんのつい先(さっき)考えて居たことがもう古くて少しも抑えて居らんないの身体まかせ　時を追い越せ何よりも速く確かに今を蹴って噫また不意に接近している淡い死の匂いでこの瞬間がなお一層　鮮明に映えている刻み込んでいる　あの世へ持って行くさ至上の人生　至上の絶景追い風が吹いている　もっと煽って唯(たった)今はこの地球上で　いちばん混じり気の無い我らの炎何よりもただ青く燃え盛るのさ
0,"Sah ein Knab ein Roslein stehn,Roslein auf der Heiden,War so jung und morgenschon,Lief er schnell, es nah zu sehn,Sahs mit vielen Freuden.Roslein, Roslein, Roslein rot,Roslein auf der Heiden.Knabe sprach:Ich breche dich,Roslein auf der Heiden!Roslein sprach:Ich steche dich,Dass du ewig denkst an mich,Und ich wills nicht leiden.Roslein, Roslein, Roslein rot,Roslein auf der Heiden.Und der wilde Knabe brach's Roslein auf der Heiden;Roslein wehrte sich und stach,Half ihr doch kein Weh und Ach,Musst es eben leiden.Roslein, Roslein, Roslein rot,Roslein auf der Heiden."
0,この密室を拵える要素は、大概が借り物で、自分もそう。降り込んだ雨の率直さは、自由と不自由とを、分け入る様。絶対戻れやしない。一体何処へ行こうか。考えるまい。環状線脱出したい。JCTは大渋滞。止まんないで。運んで行って。何処へでも。充電10％を切ったiPhoneよ、さあ。見限って、どうか。取り巻いた環境の全部が、決断を迫って技量を問う。責任能力を問うてくれ。立証出来やしまい。じゃ、自分は如何。一層忘れられたい。消えて無くなろうか。引返すまい。中央道突破したい、界隈の視界がない。焦んないで。落着いて行って。足が付いちゃう。No.の特定を急いだオービスよ、さあ。見逃して、どうか。訥々と鳴くワイパー、能弁な流行歌。差し障り合う。関係を断ち切りたい。一切を金輪際。焦れったいわ、面倒臭いわ、どうしようもない。ドライバー失格。運転出来ていないもん。要は自分さえも。ハザード。返そう。もう皆返そう。レンタカーならハイオク満タン現金で元通り。ああ、燃料0％を切った我が身は、何処へ返そうか。決して捜さないで。
0,今日も概念なんか設けないわどんな事件だって躱さないわ才能有能豪遊大脳官能行け最前線貴方の合図解明曖昧見舞い選びたい年頃もっと難題を私に出して「正解」たった今しか味わえない色が好いの…そうでしょうそうよ概念なんか要さないわ先天的楽観で息を吐いて吸うわ直感実感号泣速乾快感行け最前線私の感度証明曖昧見舞い分りたい年頃もっと本題で貴方を見せて「正解」たった今しか触られなくても良いの…どうでしょう貴方と私はもう出逢えている？知合えている？嗚呼最前線貴方の声もきっといつしか聴こえなくなるから現在の最大限を聴かせて「正解」たった今使い果たすために逢おうよ…ハロー
0,ドイツ色のタクシーなら新橋目指す　外苑東レスポールは　絶対　黒対向車線　快感ジャガー巧妙　自制　白血球片や妄想に生命を揺らし　消化した筈の汚物まで戻して失う噛んだ爪を吐いて捨てた四丁目は呑気過ぎる感情共　燃焼さすY染色　減少気味頽廃　裸体　安全圏既にもう女として生まれた才能は発揮しているのだけど脱がせて欲しい倦怠　虚勢　優等生もしも愛なんて呼んでいなくて信号と云う解答であなたを誘い出しても変わらないかな
0,赤飯を炊いて御祝いをせんで寧(むし)ろ汚(よご)して遠のいて行って肯定派呼んで毎回騒いで仲介企業と接待の祭典「いいえ　わたしは秀麗ばいそりゃ　ちかっぱ端麗たい真剣に尋いてくれんかいなだって走ると痛いっちゃもん」
0,空軍に入り察(check)・学(learn)・肌(color)飛んで降って大概若い衆酒乱なら酔って吐いて愛と云う既成の概念断っていい加減失せろハッタリ噛ます余裕を脱モラに投じろよ不幸自慢(fuck off“g”men)常時お前は被害者に模して喰って要は若い衆思うならヤッて出して屈折や冒涜に倚っ懸って芸と呼んで恰好善いお召し物にポーズ執(と)って演じりゃ良い不幸自慢(fuck off“g”men)いいたい、まあいいたいあたしは全然関係無いファックオフ　死ね
0,ラはラヂオのラおこしてよファッとにじむようなカンタータでラはランチのラたべたいよファッととけるようなたまごに‥‥どうしようかなドならドルチェのドですけれどもうあまいからランラララララランランチはこれにてごちそうさまBuono!ラ‥ララバイのラおどりたりないようたわないでテノールでラはソファミのラつかれていないよはずむようなきもちに‥‥どうしようかなドならドラマのドですけれどそうあまいからランラララララランランプだけけしていただきますGrazie!
0,今日あたりはたった一人“ランチに繰り出してみる”ことも“満員の地下鉄に乗る”も大事なことなんだと思えている衝撃の多い日々が「あたし」を置いてゆくみたいあなたの中の場所は執って居てね此れからずっと傍に居ても　大人に成って冬が来てもあたしを知りたいと思う気持ち　凍らせない様に気を付けて…少しは安心してみたい…愛していると云う台詞の真の意味を欲して居たけど共有した時間の中で何となく理解った気がしているルールなどは無い――「いまの季節に正直で居よう」是が二人に与えられた議題忙しくて逢えないときも　あなたを忘れているわけじゃないでも確信が必要ならば　言葉の代わりにキスをして…其の体温を感じて居たい…此れからずっと傍に居ても　大人に成って冬が来てもあたしを知りたいと思う気持ち　凍らせない様に気を付けて色々葛藤は有るんだけど　あたしの云いたいことを全て吐き出しちゃえば　エゴになるのだからいまちゃんと顔を見せて…只本当の愛をあげたい…
0,言いたいことを探し疲れて結果無駄口吐いてばかりどうせあたしの人生　語呂合わせなんだもんどうして価値に理由を付けてポーズを執(と)らされているのかなだって淀んだ水が薫るピアノなんだもんあんたは仕様が無いと云うし　現実にあたしも判らぬ泣いて惑う位なら　もう全部無かったことにしよう甲斐性が無く向かい風のみ専門に出来る雄じゃなくちゃどうせあたしの人生語呂合わせなんだもんチョーキングだけに支配されて変化する莫迦な女で宜(よろ)し云々で誤魔化して好(い)い加減に飛んで居たい何でも買ってあげるから　帰るだなんて巳(や)めなさい真の慈愛等恐らく　最初から欲しくなかった本当は全部大事である本当は全部ラピッシュであろう本当は全部真理である本当は全部トリックであろう
0,どうして　歴史の上に　言葉が生まれたのか太陽　酸素　海　風もう充分だった筈でしょう淋しいのはお互い様で正しく舐め合う傷は誰も何も　咎められない紐　解いて　生命に　擬う気紛れを　許して今更なんて思わずに急かしてよもっと中迄入ってあたしの衝動を　突き動かしてよ全部どうでもいいと云っていたい様な月の灯劣等感　カテゴライズそういうの　忘れてみましょう終わりにはどうせ独りだし此の際虚の真実を押し通して絶えてゆくのが良い鋭い其の目線が　好き約束は　要らないわ果たされないことなど　大嫌いなのずっと繋がれて　居たいわ朝が来ない窓辺を　求めているの
0,me olvide de todo
0,空よ山よ川よ故郷の海よわたしを還してくれ生を受けた歓び哀しみ骨身に浴びせて生きて死にたいお腹が空いて考えるさあ何を犠牲に満たそう喉が渇いて考えるさあ誰に恵んでもらおうどうにも差し出せる品が無いあなたもそうでしょ?嗚呼!労働するたび空虚が付き纏うこれも同じです等閑(なおざり)だよそうあなたもわたしも空いてる穴を求めては今日を彷徨う淋しくなって考えるさあ何処を理性に任そう夢が乾いて考えるさあ如何に凌いで癒そうどうにもラクをする技が無いあなたもそうでしょ?嗚呼!賞讃はヒトを孤独へ追い払う殺し文句は嫌い安直だよそうあなたとわたしが異なる偏旁(つくり)と云うのはとんだ間違い天才等という言葉が突き放す素知らぬ顔して冒涜だよそうあなたとわたしの何方が変り果てたかを問い質したい
0,もつと澤山(たくさん)逢いにゐらして下さい…さう口走つた君。僕は愛ほしく思ひ、大層動じたので、前髪の成す造形に神経を奪はれて、鍵(キイ)も持たず家を出たのです。斯くして、麗しき君の許へ超へていく想ひ、抑へました。「今日は電車で!」壱度乗り換へた頃、高まつていく時めきに負けさうになつてゐることに氣付き始めました。真実は最初で最後なのです…さう口走つた君。僕は思ひ出しつつ、聡明な生き方を鳥渡(ちょっと)真似たいと感じ颯爽と歩いては、キツと厳しい表情(かほ)をしたのです。君を笑はす為に、微笑むでゐやうと思ひ、鍛へました。「扉(ドーア)の前にて!」若しも、此の部屋も無く、連なつてゐる輝きがまやかしであらうとも僕に恐れなどはないです。君はひと足先に微笑むで、幻視を與(あた)へました。「こんな僕に!」徐(やを)ら、見境も無く慾しくなるまぼろしは孰(いづ)れ衰へても僕には美しく見えます。君だけに是を唄ひます。
0,(かわいいかわいいかわいい人。　ねえ教えて私はだれ私はだれ？だってあなたは私の鏡だもの。　とびきり美しい美しい美しい。ねえ教えて愛してる愛してる？　おお、私はあなたの鏡だった。かわいい人。)泣き虫で笑い虫。おまけに性急なあなた。お帰りなさい。大丈夫、ちゃんと事実ばかり見ている。穏やかで理性的。目利きで平等なあなた。おつかれさま。大丈夫、今日も人はそう評価したから。ああ、わかさっていやに敏感。恥すべき過去を枚挙して一(un)・二(deux)・三(trois)いとまがない。うらら。素顔をそっと拝ませて。私には、どこも隠さないで。ほら、脱いで剥いで見せて。裏表、すべてさらけ出しあそばせ。求めては諦めて大人になって来たあなた。お忘れなさい。大丈夫、ちゃんと時は過ぎていくから。ああ、老いていくって何て快感。持っていた手段を順に一・二・三捨てればいい。うらら。素顔を知って諾って。あるがままの欲に気が付いて。ほら、脱いで剥いで見せて差上げる。いつも答合せしましょう。(鏡よ鏡、この世で最も完璧に美しいのはだれ？)自らが最大級の謎。はあ面倒臭い。要らない。取り替えてよ。自我を交換して。そう私はあなたの、あなたは私の‥自己を形成して。もうお互いを鮮明に映すだけ。ほら、脱いで剥いだらさあどちらがどちらかを見紛うほどにまで、似通って来ている。
0,"Stuck inside between us, I have no doubtPrison walls would free us, got to break outDanger sleeps beside us, so what could you doLeave it open wide and steal awayRun free, come on with meJump on my backAnd feel the sweat drip downOur hearts are screaming outDon't turn away, it's time to liveSummertime for a day, each daySo it sits before us, and I can't get throughA great force is threatening the future youWe are two survivors, and we won't be longTime is living on here day to dayCome now, don't miss this timeThe summertime has nothing to forgiveJust dive in with your eyesDon't be ashamed, it's nothing newThe sky caught in the cloudsAs bright as blue light streaminginto our lives nowThe darkened clouds heave heavy lightas dark as brightThis is life, black and white, each dayCome look and see the dark it's sinking down into daySo come here and sit with meDon't say a wordJust let the world slip by through youOur hopeful noise, it only bindsIt only ties us into timeOh I just want to break out into youAnd run as free and hot as lifeAnd now I'm sure, we should go,Ready set, bye-bye"
0,"Are you hurting?Feel like dying?I wonderDo theatricsEase your pain orFeed a hungry soulHystericsOverreactionI wonderWhy my feelingsPlay supportingTo your leading roleI'm disillusioned by your waysYour prancing on a paper stageThe curtain call has comeFinal scene, you change your actAnd don a grownup stoic maskToo Late, bow, we're doneNo, please just goI've nothing more to saySo no, let it goThere's nothing left to sayA virtuoso on the stageYour every move exuded graceI was overcomeI recited lines by heartScripted by your flawless artI am much to blameForget these daysI won't play house againSo, forget this timeI'll keep my secrets mine"
0,洗い立ての黒い髪が馨(カヲ)って今にも飛んで行きそうカシス色に染まった爪潤んだ二人の粘膜みたい悪いけれど葡萄酒(ワイン)ならば自分の口唇ダイレクトでグラスよりも其の御口に注いで載きたいのだもの「始めませふ安易な位置づけ属隷(ゾクレイ)の興行(ショウ)簡単な選択(セレクション)わたしは今夜　唯　攻められたひ」類稀(タグイマレ)に理由もなく平伏(ヒレフ)すだけの場合が有るの近い様でも他人で在るそれ以外何も無い寂しさ「辱(ハズカシ)めて小粋な言葉で匂はす首強引な仕草で捩ぢ伏せて増歪(ディストーション)懸けたら揺蕩(タユタ)ふ布簡単な選択(セレクション)わたしは只現在あなたが依々」蜷色(ニナイロ)に埋もれども雑(マ)じり気なき身「辱(ハズカシ)めて小粋な言葉で匂はす首強引な仕草で捩ぢ伏せて増歪(ディストーション)懸けたら揺蕩(タユタ)ふ布簡単な選択(セレクション)わたしは只現在あなたが依々」あなたが依々あなたが依々
0,嵐が去ったあとの静けさ脅える良人は家内で大口夢を叶えたとしてあなたは生きていく食べよう拵えて美味しく話そう応えて易しくなにも無けりゃ無いでいい最初からまた作りなおすよ騒いだり近い人責めても迷える脱兎は戸外で失態夢を葬る勿れ　わたしは生きていく眠ろう愁えて宵闇信じよう期待は少なく飾ろう讃えて初花愛でよう名前は訊かずになにも云わず咲いている最初から立尽して居たよはだかが厭ならば情けないただやわはだが果敢なさやまだまだ頭は華奢じゃないなだらか我がまま真っさらStart to startIt's no less dangerousTime to turnNow is the moment of truthMe & You are getting on with our livesYou & I are feeling fate inlife from zero
0,報酬は入社後並行線で東京は愛せど何も無いリッケン620頂戴19万も持って居ない　御茶の水マーシャルの匂いで飛んじゃって大変さ毎晩絶頂に達して居るだけラット１つを商売道具にしているさそしたらベンジーが肺に映ってトリップ最近は銀座で警官ごっこ国境は越えても盛者必衰(じょうしゃひっすい)領収書を書いて頂戴税理士なんて就いて居ない　後楽園将来僧に成って結婚して欲しい毎晩寝具で遊戯するだけピザ屋の彼女になってみたいそしたらベンジー、あたしをグレッチで殴(ぶ)って 青　噛んで熟(い)って頂戴終電で帰るってば　池袋
0,"Playing cops and robbers 'neath Ginza signsAll who chance to prosper shall go blindWon't you buy me a Ric to playWhat I got ain't enough to payI'll play a riffPlug me into Marshall, I'll blow out your windowAnd trip my way up to eternal heightsRAT and I will lay down and shake out your eardrumsA hit of this distortion makes me high報酬は入社後平行線で東京は愛せど何も無い領収書を書いて頂戴税理士なんて付いて居ない　後楽園I'll rip into those robes and pursue the DharmaA Buddhist monk of my own would feel fineSelflessness and cessation get you NirvanaIt Kurt would beat my Gretsch, I think I'd fly将来憎に成って結婚して欲しい毎晩寝具で遊戯するだけピザ屋の彼女になってみたいそしたらベンジー、あたしをグレッチで殴ってI'm looking for a good way to flyI'm searching for a way you can't buyYou know I know a kickin' way to dieIt's rock and roll, martyrs keep the fans highStill floating, as time rolls by"
0,"Why this feeling, why this glowWhy the thrill when you say helloIt's strange and tender magic you doMr. Wonderful, that's youWhy this trembling when you speakWhy this joy when you touch my cheekI must tell you what my heart knows is trueMr. Wonderful, that's youAnd why this longing to know your charmsTo spend forever here in your armsOh there's much more I could sayBut the words keep slipping awayAnd i'm left with only one point of viewMr. Wonderful, that's youOne more thing, then i'm throughMr. Wonderful, Mr. WonderfulMr. Wonderful, I love you"
0,"I'll tell you gals howTo hoodwink a crowdOf liars, fat cats and thievesA poison-dart eyeAnd some quicksilver jiveMake all men weak in the kneesHavana, Caracas, Monaco nightsIstanbul, Rio and NiceWhen the night has been wonNo one knows till the sunIs rising on you in GreeceGong GongDr. Bow Tie quits on an aceA briefcase changes handsWhy do these cats think that they're safeI'm clandestine by my microphone「Oh 009, do try to be more careful this time.」When 009Takes his own sweet timeAnd botches all of our plansThe Agency chimesI'm called in to findWho took the briefcase and ranOld Souse seas, Canberra, Marrakech nightsBlue skies from Daker to NiceAll diabolic schemesUnravel with easeWhen you can scat your commandsBomb BombDr. Bow Tie makes for the doorI light a short fuse on my signShe's a landmine draped in DiorA fine disguise, this live microphone「マイクを前にして、わたしは眼(まなこ)を光らせる。誰も気付かぬ間に多くを知りたいの。だって…人生は一度きり。わたしなら、狙った獲物は逃さない。」Bye ByeDr. Bow Tie sullies his pantsFoiled by my switcherooUnsuspecting of quicksilver jazzMesmerized by my microphoneGrecian sun is simply divineWith a briefcase at my sideGo fetch me a cocktail, dearWhat shall we do with you, 009!「You're insufferable, 009. I will not allow suchsloppy execution next time.」"
0,「ねえ一層遠く知らない街に隠居して沈黙しませぬこと？こんな日々には厭きたのさ　ねえだうぞ攫(さら)つて行つて」逃げ延びて水密桃(すいみつとう)に未練砂みたいな意識と云ふ次元で逃げ延びた暑さよ何邊(いずこ)へ　揺れが生じ其の儘　怠惰に委ねた　最後の青さまう還らないと知つた温度も超へられぬ夜の恐怖色境界に澱むでゐた決心の甘さたうに喪(うしな)つた岸壁打つは　引いてくれぬ後悔と濤(なみ)の色待ち侘びて凍る馨(か)は混凝土(コンクリイト)砂みたいな意識と云ふ器官で待ち侘びた寒さよ何邊へ　揺れに動じ此の儘　愛情に模した　修正ペンの白さ現状を必死で繕つては　剥いだ素肌に恐怖色傍観に徹してゐた感慨の淡さたうに喪つた雷雨仰ぐは泣いてくれぬ残忍な雲の色最後の青さもう還らないと知つた温度も　超へられぬ夜の恐怖色境界に澱むでゐた決心の甘さたうに喪(うしな)つた岸壁打つは　引いてくれぬ後悔と濤(なみ)の色
0,あたしがこんなメロディを口ずさむのはさてどうしてでしょう?ねぇ、じっくり考えてみてあたしがこんな言葉を口走るのはさてどうしてでしょう?ねぇ、ちょっぴり考えてみて何処迄　堕ちて行っちゃうの此の身体は灰色に遠くなる遠くなる空其の日は確かに地面が音も立てずあたしの歩みを妨げ揺れて居たあたしがこんな涙を流して居るのはさてどうしてでしょう?ねぇ、さっぱり考えてみて何処迄　堕ちて行っちゃうの此の身体は灰色に遠くなる遠くなる空其の日は確かに地面が容赦すらせず車の暴走を受け入れ騒いで居た
0,橙色は止まらない黄色を探して乗り込めお前はきっとナイフを使う僕に恐怖を覚える蔑んでくれ僕は何処迄も真摯なのだ“至って普通さ”いま群れ為す背中お前が僕よりイッちゃっているのだ狂っているーそうだろう?意識は希望に素直じゃあない回避するなんて止めておけお前の弁護をしているマシンをぶっ壊してあげるよ引き攣ってくれ僕は此処でお前に云うのだ“愛しているさ”いま赤く染めたお前が僕よりイッちゃっているのだ狂っているーそうだろう?嗚呼…美しい予感・眼に映る全て・儚き事象要らぬ もう 要らぬ嗚呼…蔑んでくれ僕は何処迄も真摯なのだ“至って普通さ”いま群れ為す背中お前が僕よりイッちゃっているのだ狂っているーそうだろう?嗚呼…引き攣ってくれ僕は此処でお前に云うのだ”愛しているさ”いま赤く染めたお前が僕よりイッちゃっているのだ狂っているーそうだろう?嗚呼…嗚呼…
0,"More than the greatest loveThe world has knownThis is the love I'll give to you aloneMore than the simple wordsI try to sayI only live to love you more each dayMore than you'll ever knowMy arms long to hold you soMy life will be in your keepingWaking, sleeping, laughing, weepingLonger than always is a long, long timeBut far beyond forever you'll be mineI know I've never lived beforeAnd my heart is very sureNo one else could love you more"
0,家にはひとりで帰りますあたしには鳥が4羽ついてるので家には納豆が有りますあたしにはグリコゲンがあるし　驚きなのは地下鉄のレール素敵な貴方をたたえますあたしにはとりえなんて無いですので素敵な赤色のボトムスあたしには少し似合わないし　驚きなのは空色のカーテンあたしの脳のなかで麻薬物質はとめどなくとめどなく排出されゆきあたしはひたすら、だ液を吐き捨てる密やかな密やかな行為に専念していましたあたしの頬が赤く染まりゆく中で高らかな高らかな貴方の声を聞きあたしはひたすら目をつぶって昔の密やかな密やかな夢を見続けあたしの脳のなかで麻薬物質はとめどなくとめどなく排出されゆきあたしはひたすら、だ液を吐き捨てる密やかな密やかな行為に専念していました
0,挨拶のない手紙を書き損じたまま大事にしたい折目が嵩張っていく綯い交ぜの念僕は埋め尽くしたものの相変わらず君へ送れず仕舞いふしだらな世界を縫って引き合うようにふたりは野性を有しているねえ如何して今会えないでいるかを教えて欲しいよ声が聴きたいよ知っていたんだ前に云っていたね君にとっては沈黙だけが正しいと最初の出会い遥か秋空を思い返せば内緒の願いもじき片付いていく分かたれた未来の今日が割り出す過去ひとりじゃ野性を無くしそうねえ如何して今会いたくなったかを考えて欲しいよ顔が拝みたいよ憶えているちょっと泣いていたね僕にとっても沈黙だけは正しくて真相なんて何時だって物音一つしないしじま一点に宿っているんだそう「生きている」と言う絶望こそが君と僕とを結わえている野性さあかつての少年少女等は分厚い諂いを着込んでいるころでしょうああ冷えて来た思い出してしまうのは君の無言の吐息の白さ／潔さ
0,毎日　襲来する強敵　電話の電鈴(ベル)追つては平穏なる感度を慾するのさ高速　渋滞とは云つても低速だらう真理と　相反する條理に従服姿勢何も善いと思へない　余り憤慨もしない今日は何曜日だつた？　然(さ)して問題ぢやないか…嗚呼　痛い思ひをしたいのに興味や関心を奪ふ程　合ふ辻褄或いは交(まぐは)ひを以て営むで…なんて目論むでゐないか統御(コントロール)して頂戴　退屈が忌々ましい銀座線終電何時？　然(さ)して問題ぢや無いか…嗚呼　機械になつちやひたいのにねえ好きつて何だつけ思ひ出せないよ
0,毎日襲来する強敵電話のベル追っては平穏なる感度を欲するのさ高速 渋滞とは云っても低速だろう真理と相反する条理に従服姿勢何も良いと思えない余り憤慨もしない今日は何曜日だった?然して問題じゃ無いか―嗚呼 痛い思いをしたいのに興味や関心を奪う程合う辻褄或いは目合いを以て営んでなんて目論で居ないか操作して頂戴退屈が忌ま忌ましい銀座線 終電何時?然して問題じゃ無いか―嗚呼 機械になっちゃいたいのにねぇ“好き”って何だっけ?思い出せないよ…思い出せないよ何も良いと思えない余り憤慨もしない今日は何曜日だった?然して問題じゃ無いか操作して頂戴退屈が忌ま忌ましい銀座線 終電何時?然して問題じゃ無いか何も良いと思えない何も良いと思えない何も良いと思えないねぇ“好き”って何だっけ?
0,余りの暑さに目を醒ましさっき迄見ていた夢の中東西線はあたしを乗せても新宿に降ろしてくれなくて辿り着けない此処に欲しい腕や髪や首筋貴方の嫌う生温い雨に濡らされてゆく貴方に降り注ぐものが譬え雨だろうが運命だろうが許すことなど出来る訳ない此の手で必ず守る側に置いていて天気予報が外れてばかりの毎日が見させた嘘の闇高揚も時めきも溜め息も消耗しやがて失くなりそうで招きたくない空々しい土の香や向日葵のすぐにも迎う馨(かぐわ)しい絵画と化する日など貴方を知り尽くすことが譬え　可能だろうが不可能だろうが満たされる日が来る筈もない身体が生きている限り側に置いていて貴方に身を委(まか)すことが譬え　危険だろうが安全だろうが留め金などが在る筈もない全て惜しみなく挙げる貴方に降り注ぐものが譬え　雨だろうが運命だろうが許すことなど出来る訳ない此の手で必ず守る側に側に置いていて
0,Yes I'm lonely wanna dieYes I'm lonely wanna dieIf I ain't dead alreadyOoh girl you know the reason whyIn the morning wanna dieIn the evening wanna dieIf I ain't dead alreadyOoh girl you know the reason whyMy mother was of the skyMy father was of the earthBut I am of the universeAnd you know what it's worthI'm lonely wanna dieIf I ain't dead alreadyOoh girl you know the reason whyThe eagle picks my eyeThe worm he licks my boneI feel so suicidal Just likeDylan's Mr. JonesLonely wanna dieIf I ain't dead alreadyOoh girl you know the reason whyBlack cloud crossed my mindBlue mist round my soulFeel so suicidalEven hate my rock and rollWanna die yeah wanna dieIf I ain't dead alreadyOoh girl you know the reason why
0,どんなに美味しく高価なお酒が有ったって今日迄怠惰に過ごして居ちゃ味も判らないどんなに要領(カシコ)良く硬貨を動かして居たって対話が演技じゃ興味が湧かないってもんよ女(オンナ)だって男(オトコ)だって実直なほうが美しいわかっているくせに眉根をひそめる人は誰もここには居ない徒党を組んで居たり太って居る時は叱ってこと切れる瞬間(トキ)まで何時も成長をしたいよ芯(ハート)だって筋(コトバ)だって柔らかい事は難しいこたえているくせに毎度根を詰める君の微笑んだ皺がキレイ身体ごと使い切って孤独の極みを視よう嫌われて御出でよ向かい風、乾杯!帰れない、今日は帰れない独りぼっち“同志”きっと又逢えると笑ってよそれを糧に生きるさ君が生モノだから
0,新宿のカメラ屋さんの階段を降りた茶店はジッポの油とクリーム　あんたの台詞が香った云ったでしょ？「俺を殺して」今日は特別に笑ってばかりのあたしは丁度さっき一度夢で死んだあんたを仕方無く愛すどうか　見捨てたりしないで洗って　切って　水の中呼吸器官は冒されるあたしが完全に乾くのいまきちんと見届けて磨いて　裂いて　水の中無重力に委(まか)されるあたしが完全に溶けたらすぐきちんと召し上れあんたが目の前で絶えて嗚咽を止められなかった何だか浮世の全て恋しくて堪らなかったあんな夢を見させないで甘い匂いに汚された御留守になっていた守備部隊あたしが完全に乾くのいまきちんと見届けて赤い嘘に汚された自分で吐(つ)いて傷を見たあたしが完全に溶けたらすぐきちんと召し上がれ退屈なんか怖れていないどうして二人は出会った？
0,in a cafe just a little down the stairsfrom a city shop selling cameras and thingsi smelled your lighter oil mixed with cofee and creman odor still lingered from the lines you gave meyou said it did not you? “just do it kill me”today is a day that in particulari seem to be smiling and laughing quite a loti just had a dream and in it you had diedand i had no choice then but to love youdo not think to abandon or ever leave meso wash me cut me i am underwatermy lungs and breathing are quite affectedplease watch me closely and do check to seei dry out completely i dry through and throughcome shine me tear me i am underwaterrelying completely on zero gravityand when I do melt down entirely immedeatelybon apetitit was you who was dying there right in front of meand i could not stop the tears i could not hold them inall of the little things of this little worldare so very dear to me it hurts to think of themoh do not make me have those kind of dreams againa scent so sweet that it got me dirtythe troops to protect me were out on patrolplease watch me closely and do check to seei dry out completely i dry through and througha lie so big that it got me dirtyas soon as i said it a wound opened upand when i do melt down entirely immediatelybon appetiti am not afraid of a little boredomwhy did the two of them ever chance to meet?
0,"Love is blindLove is only sorrowLove is no tomorrowSince you went awayLove is blindHow well I rememberIn the heat of summerPleasure, winter fadesHow long will it takeBefore I can't rememberMemories I should forget?I've been burningSince the day we metLove is blindLove is without a mercyLove is now you've hurt meNow you've gone awayLove is blindLove is no horizonAnd I'm slowly dyingHere in yesterdayIn the morning wakenTo the sound of weepingSomeone elseShould weep for meNow it's overLover, let me beLove is blindLove is your caressLove is tendernessAnd momentary painLove is blindHow well I rememberIn the heat of summerPleasure, winter fades"
0,あんなにも大切だったブラウスもこんなにも可愛らしい帽子すら床に散らばって居る一人で呟く「汚いな」そんなにも大変な顔で見ないでよこんなにもやり切れない気持ちすら窓に貼りついて居る一人で呟く「危ないな」あたしのリモコンは何処？あの日のカツァリスをいまあたしはひたすらに只求め続けるのにどんなに考えたって見つからないこんなにもリフレインがしつこくも耳を支配したがる一人で呟く「騒さいな」あたしのリモコンは何処？アコギのイントロを今あたしはひたすらに只求め続けるのに
0,"谺(こだま)している　またキミのコヱが谺してるオレの好みの化粧(メイク)が邪魔してるキミの虚ろな素顔(フェイス)を探してる淡いシャドウの奥の瞳は何色?答えはいつも玉虫色イッツ・ショウ・タイム　晒すぜ正体未知の実りに御招待きっと憶えらんないでしょ特徴なんてこれっぽっちも無い私の名ならば女それ以上でも以下でもない太陽が移ろうより早い君の調子(コンディション)を喰らい変貌を遂げてあげるハヤッている季節限定堕落してる　またキミはコイに堕落してるオレの好みの服(ドレス)が隠してるキミのイビツな曲線(カーブ)科学してるまるで素体のままの着せ替え人形水から水へさまよう人魚流れたフリして流してるキミの気配を察してるもう忘れてしまったんでしょ剥いだ裸の素材君が造った女今じゃ会ったってハヤらない感傷が誘なうより早い私の気分を喰らい代用を仕立て上げてさようなら名プロデューサー女の…私に個性は要らない名前…は一つでいいこれ以上要らないWell you design the vogue, I just rideAll you think is win, it makes me cryYou play the hero in wars you startAnd I shed a tear from one blind eyeWhile you define the vogue, I just sighImmortality's not worth my timeYou crave the kisses of idol loveAnd I shed a tear from one blind eye川のように Flow Flow Flow風のように Blow Blow Blowそれぞれの延長線上　共に Flow Flow Flow川のように Flow Flow Flow風のように Blow Blow Blow交わらぬ平行線上　永遠(とわ)に Flow Flow Flow!!!"
0,わたしのなまえをおしりになりたいのでしょうでもいまおもいだせなくてかなしいのですはたらくわたしになづけてくださいおよびになってどうぞおすきなように5がつにはなをさかす　わたしに　にあいのなをあけびがひらいたのはあきいろのあいずでしょうきせつがだまってさるのはさびしいですかなみだをふいてかおをあげてくださいほらもうじきわたしもみをつくりますふゆにはみつをいれて　あなたに　おとどけしますわたしがあこがれているのは　にんげんなのですないたりわらったりできる　ことがすてきたったいまわたしのながわかりましたあなたがおっしゃるとおりの「りんご」ですおいしくできたみからまいとしおとどけしますめしませつみのかじつ
0,愛に罵倒　夕日で皺ツアー位逢わず　没頭左派「吾ハ駝鳥捕ヘツ…」そう云う敵がデトロイト２ラヴァー油捨てライター誘惑そっくり編む女子多忙鬼よ無心さあ　耐えざる理に十円大跋語なる“ミ” “ファ”美肌辛い飛び利売を問う柳眉仏徒寝坊受難バッハどう？タイプ？…廃忘…
0,暖かい砂の上を歩き出すよ悲しい知らせの届かない海辺へ君がいなくても太陽が昇ると新しい一日の始まり今日選んだアミダくじの線がどこに続くかは分からない怠け者な私が毎日働く理由ああ　両手に空を　胸に嵐をああ　君にお別れをああ　この海辺に残されていたのはいつも置き手紙ああ　夢の中でも　電話越しでもああ　声を聞きたいよああ　言葉交わすのが苦手な君はいつも置き手紙忙しいと連絡たまに忘れちゃうけど誰にだって一、二度はあること今日話した年上の人はひとりでも大丈夫だと言ういぶかしげな私はまだ考えてる途中ああ　花に名前を　星に願いをああ　私にあなたをああ　この窓辺に飾られていたのはいつも置き手紙ああ　少しだけでも　シャツの上でもああ　君に触れたいよああ　憶えている最後の一行は「必ず帰るよ」ああ　安らぐ場所を　夢に続きをああ　君に「おかえり」をああ　この世界のどこかから私も送り続けるよああ　夢の中でも　電話越しでもああ　声を聞きたいよああ　言葉交わすのが苦手なら今度急にいなくなる時は何もいらないよDis moi que jamais tu ne me quitterasD'un coup tu t'en vas pour toujoursJe me demande ce qui ne va pas注意：アーティストの解釈により一部歌詞がオリジナルとは異なります。
0,ずらかりたいよおさらば面倒はいやだあやかりたいようるわし文明はいいな一体いくら掛かるの気持ち良い生活までとても間に合わない身体と時間が‥無い浮かばれたいよいずれは頑張ってるって明け暮れたいよいますぐ天職はなに?一体何時つながるの止め処ない充足まで仕合わせになりたいだれか肋けて頂戴!したいことだけしてたい痛いのは余り好きじゃない期待通りに思惑通り夢を叶えて乗り込みたいよおしらす公平にどうぞ手を組みたいよお偉がた鞭撻をどうぞ一体何処で買えるの初回投資よろこんで相殺ラクしておトク美味しい薔薇色人生したいことすら知らない辛いのは余り堪えられないからい毒にあまい薬盾と矛あっちを立てりゃこちらが嫌いな相手にも好かれたい事情を呑んでいる間に生涯費やしそうでしたいこと見付からないなげいては恰好付かない怒ったように慎め口上は見ないぜしたいことだけしてたい悪いのは何奴だ顔見せな始終くだを巻いていてもお願い夢を見させて
0,その眼差しがほら雲を動かし鼻唄は今陽を照らさせる貴方さえ居なきゃこの深くて大きい孤独と欠落は嗚呼‥知らずに済んだNu part pas!!Car Je t'aimeその微笑みがほら花を開かせ溜息は今実を熟れさせる貴方さえ居なきゃこの狭くて重たい偏執と敗北は嗚呼‥知らずに済んだNu part pas!!Car Je t'aimeJe te veuxTu es tout ce que je n'ai pasTu es mon amour
